set	permalink	civil
aita	https://www.reddit.com/r/AmItheAsshole/comments/e3urgp/_/f96yv88/	FALSE
aita	https://www.reddit.com/r/AmItheAsshole/comments/e99ctx/_/fajyl7k/	FALSE
aita	https://www.reddit.com/r/AmItheAsshole/comments/f0d3c8/_/fgsx462/	FALSE
aita	https://www.reddit.com/r/AmItheAsshole/comments/req0px/_/ho8z8vj/	FALSE
aita	https://www.reddit.com/r/AmItheAsshole/comments/sf3h3p/_/hunpnvn/	FALSE
aita	https://www.reddit.com/r/AmItheAsshole/comments/u877rv/_/i5je18p/	FALSE
aita_10-19	https://www.reddit.com/r/AmItheAsshole/comments/17oh2ec/_/k80ng55/	TRUE
aita_10-19	https://www.reddit.com/r/AmItheAsshole/comments/eol4yx/_/feeycn8/	FALSE
aita_10-19	https://www.reddit.com/r/AmItheAsshole/comments/es01t3/_/ffc3goh/	FALSE
aita_10-19	https://www.reddit.com/r/AmItheAsshole/comments/esvjtk/_/ffd98hz/	FALSE
aita_10-19	https://www.reddit.com/r/AmItheAsshole/comments/idjlm8/_/g29lyu3/	FALSE
aita_10-19	https://www.reddit.com/r/AmItheAsshole/comments/ipsy1q/_/g4mev5r/	FALSE
aita_10-19	https://www.reddit.com/r/AmItheAsshole/comments/jsx9kl/_/gc4qh88/	TRUE
aita_10-19	https://www.reddit.com/r/AmItheAsshole/comments/miq7ck/_/gt8w4hj/	FALSE
aita_10-19	https://www.reddit.com/r/AmItheAsshole/comments/nd1rfg/_/gy9lrcf/	FALSE
aita_10-19	https://www.reddit.com/r/AmItheAsshole/comments/s34aul/_/hslczas/	FALSE
aita_10-19	https://www.reddit.com/r/AmItheAsshole/comments/t0fujv/_/hygdzrm/	FALSE
aita_10-19	https://www.reddit.com/r/AmItheAsshole/comments/umjs1s/_/i848tj0/	FALSE
aita_10-19	https://www.reddit.com/r/AmItheAsshole/comments/umjs1s/_/i84h6et/	FALSE
aita_10-19	https://www.reddit.com/r/AmItheAsshole/comments/vvxctg/_/ifnhzvb/	FALSE
aita_10-19	https://www.reddit.com/r/AmItheAsshole/comments/x7svll/_/ini6b97/	FALSE
aita_2	https://www.reddit.com/r/AmItheAsshole/comments/1422vvb/_/jn2v1bm/	FALSE
aita_2	https://www.reddit.com/r/AmItheAsshole/comments/14odsrk/_/jqcvdzy/	FALSE
aita_2	https://www.reddit.com/r/AmItheAsshole/comments/1515bcr/_/js70xhn/	FALSE
aita_2	https://www.reddit.com/r/AmItheAsshole/comments/15kn4l3/_/jv8t9qk/	FALSE
aita_2	https://www.reddit.com/r/AmItheAsshole/comments/blich3/_/emprf6o/	FALSE
aita_2	https://www.reddit.com/r/AmItheAsshole/comments/de9dvt/_/f2tjzdb/	FALSE
aita_2	https://www.reddit.com/r/AmItheAsshole/comments/i2xsi9/_/g07l5ar/	TRUE
aita_2	https://www.reddit.com/r/AmItheAsshole/comments/i4e2e8/_/g0j19ai/	FALSE
aita_2	https://www.reddit.com/r/AmItheAsshole/comments/ilwz0k/_/g3vcy61/	FALSE
aita_2	https://www.reddit.com/r/AmItheAsshole/comments/lzetye/_/gq1p5y0/	FALSE
aita_2	https://www.reddit.com/r/AmItheAsshole/comments/qm6cvh/_/hjitwce/	FALSE
aita_2	https://www.reddit.com/r/AmItheAsshole/comments/ri3ymk/_/hox0sj4/	FALSE
aita_2	https://www.reddit.com/r/AmItheAsshole/comments/s2ko7d/_/hsf45ou/	FALSE
aita_2	https://www.reddit.com/r/AmItheAsshole/comments/viu67f/_/idhe7lv/	FALSE
aita_2	https://www.reddit.com/r/AmItheAsshole/comments/zkhlu0/_/j002udq/	FALSE
aita_2	https://www.reddit.com/r/AmItheAsshole/comments/zq2d4o/_/j0vvhg6/	FALSE
aita_3	https://www.reddit.com/r/AmItheAsshole/comments/10pivtf/_/j6l05yt/	FALSE
aita_3	https://www.reddit.com/r/AmItheAsshole/comments/13rq8jw/_/jloj5wr/	FALSE
aita_3	https://www.reddit.com/r/AmItheAsshole/comments/16y9j2e/_/k3b4cte/	FALSE
aita_3	https://www.reddit.com/r/AmItheAsshole/comments/bon53p/_/eni6tqw/	FALSE
aita_3	https://www.reddit.com/r/AmItheAsshole/comments/dkc9wd/_/f4cox08/	FALSE
aita_3	https://www.reddit.com/r/AmItheAsshole/comments/hihim3/_/fwht8gq/	TRUE
aita_3	https://www.reddit.com/r/AmItheAsshole/comments/io8fmv/_/g4e064h/	FALSE
aita_3	https://www.reddit.com/r/AmItheAsshole/comments/izpklm/_/g6kfhb9/	FALSE
aita_3	https://www.reddit.com/r/AmItheAsshole/comments/meyki4/_/gsknyri/	FALSE
aita_3	https://www.reddit.com/r/AmItheAsshole/comments/njaqet/_/gz6d83n/	FALSE
aita_3	https://www.reddit.com/r/AmItheAsshole/comments/nxwtc5/_/h1imtx4/	TRUE
aita_3	https://www.reddit.com/r/AmItheAsshole/comments/qkahxi/_/hivcv5q/	FALSE
aita_3	https://www.reddit.com/r/AmItheAsshole/comments/sl6j7v/_/hvpeh5d/	FALSE
aita_3	https://www.reddit.com/r/AmItheAsshole/comments/sx2w93/_/hxpohwb/	FALSE
aita_3	https://www.reddit.com/r/AmItheAsshole/comments/upefqp/_/i8l24a3/	FALSE
aita_3	https://www.reddit.com/r/AmItheAsshole/comments/vs8lvw/_/if0oi7k/	TRUE
aita_3	https://www.reddit.com/r/AmItheAsshole/comments/zx65k0/_/j2337ao/	FALSE
aita_4-9	https://www.reddit.com/r/AmItheAsshole/comments/14qn5ia/_/jqqenro/	FALSE
aita_4-9	https://www.reddit.com/r/AmItheAsshole/comments/16cm5vf/_/jzltmya/	FALSE
aita_4-9	https://www.reddit.com/r/AmItheAsshole/comments/blich3/_/empjyi3/	FALSE
aita_4-9	https://www.reddit.com/r/AmItheAsshole/comments/bn6jf6/_/en3wlii/	FALSE
aita_4-9	https://www.reddit.com/r/AmItheAsshole/comments/fik2iq/_/fkia47z/	FALSE
aita_4-9	https://www.reddit.com/r/AmItheAsshole/comments/in9r52/_/g46qkv8/	FALSE
aita_4-9	https://www.reddit.com/r/AmItheAsshole/comments/j4wggn/_/g7qqj4t/	FALSE
aita_4-9	https://www.reddit.com/r/AmItheAsshole/comments/jradah/_/gbvxa6g/	FALSE
aita_4-9	https://www.reddit.com/r/AmItheAsshole/comments/khiwbr/_/ggmu4tl/	FALSE
aita_4-9	https://www.reddit.com/r/AmItheAsshole/comments/km2kfd/_/ghfane5/	FALSE
aita_4-9	https://www.reddit.com/r/AmItheAsshole/comments/opnd0x/_/h66eir0/	FALSE
aita_4-9	https://www.reddit.com/r/AmItheAsshole/comments/p2jo7z/_/h8lueco/	FALSE
aita_4-9	https://www.reddit.com/r/AmItheAsshole/comments/s34aul/_/hslcnly/	FALSE
aita_4-9	https://www.reddit.com/r/AmItheAsshole/comments/tmgjt9/_/i1yuvat/	FALSE
aita_4-9	https://www.reddit.com/r/AmItheAsshole/comments/uzd9v5/_/iab42ky/	FALSE
aita_4-9	https://www.reddit.com/r/AmItheAsshole/comments/xm8xkj/_/ipn5s4t/	FALSE
aita_4-9	https://www.reddit.com/r/AmItheAsshole/comments/zmso18/_/j0ewhg7/	FALSE
all_cmw	https://www.reddit.com/r/changemyview/comments/18oybog/_/kekcigr/	FALSE
all_cmw	https://www.reddit.com/r/changemyview/comments/2yszjq/_/cpcoa7k/	TRUE
all_cmw	https://www.reddit.com/r/changemyview/comments/9askbc/_/e4xu17y/	TRUE
best_of_reddit_set	https://www.reddit.com/r/Android/comments/1e8emh/_/c9xtszp/	FALSE
best_of_reddit_set	https://www.reddit.com/r/AskReddit/comments/9g0ssn/_/e61ewfd/	FALSE
best_of_reddit_set	https://www.reddit.com/r/Damnthatsinteresting/comments/13yu6ab/_/jmr5gne/	FALSE
best_of_reddit_set	https://www.reddit.com/r/IAmA/comments/6bnym7/_/dhodcaa/	TRUE
best_of_reddit_set	https://www.reddit.com/r/Marijuana/comments/9aue5/_/c0c2ub9/	FALSE
best_of_reddit_set	https://www.reddit.com/r/Military/comments/1l2ca5/_/cc6hf3m/	FALSE
best_of_reddit_set	https://www.reddit.com/r/MovieDetails/comments/7u0gs9/_/dth7wla/	FALSE
best_of_reddit_set	https://www.reddit.com/r/atheism/comments/a7vmi/_/c0ga15k/	FALSE
best_of_reddit_set	https://www.reddit.com/r/wikipedia/comments/81api/_/c07zc22/	FALSE
cmw_after_stop_arguing	https://www.reddit.com/r/changemyview/comments/217z08/_/cgamtfx/	FALSE
cmw_after_stop_arguing	https://www.reddit.com/r/changemyview/comments/4dc4qw/_/d1s6hpc/	TRUE
cmw_after_stop_arguing	https://www.reddit.com/r/changemyview/comments/9h7ooc/_/e69ym6v/	FALSE
cmw_after_stop_arguing	https://www.reddit.com/r/changemyview/comments/jcv6rl/_/g95grqo/	FALSE
cmw_after_stop_arguing	https://www.reddit.com/r/changemyview/comments/zqh45p/_/j1av768/	FALSE
cmw_before_stop_arguing	https://www.reddit.com/r/changemyview/comments/217z08/_/cgamtfx/	FALSE
cmw_before_stop_arguing	https://www.reddit.com/r/changemyview/comments/5jr06p/_/dbipphi/	FALSE
cmw_before_stop_arguing	https://www.reddit.com/r/changemyview/comments/7hd39b/_/dqq39el/	FALSE
cmw_before_stop_arguing	https://www.reddit.com/r/changemyview/comments/7tu0ft/_/dtf76ln/	TRUE
cmw_before_stop_arguing	https://www.reddit.com/r/changemyview/comments/j5ep6u/_/g7rytvc/	TRUE
data_driven_civil_discourse_subset	https://www.reddit.com/r/changemyview/comments/12kdj0k/_/jg8olv6/	TRUE
data_driven_civil_discourse_subset	https://www.reddit.com/r/changemyview/comments/15t69kh/_/jwibwcq/	TRUE
data_driven_civil_discourse_subset	https://www.reddit.com/r/changemyview/comments/17fey9n/_/k69l72f/	TRUE
data_driven_civil_discourse_subset	https://www.reddit.com/r/changemyview/comments/18iciz9/_/kdcay67/	FALSE
data_driven_civil_discourse_subset	https://www.reddit.com/r/changemyview/comments/18nvvzc/_/kefx7jd/	FALSE
data_driven_civil_discourse_subset	https://www.reddit.com/r/changemyview/comments/18yv82w/_/kgeczx4/	TRUE
data_driven_civil_discourse_subset	https://www.reddit.com/r/changemyview/comments/1hp8cm/_/cawovtg/	TRUE
data_driven_civil_discourse_subset	https://www.reddit.com/r/changemyview/comments/1sol8d/_/cdztdn3/	TRUE
data_driven_civil_discourse_subset	https://www.reddit.com/r/changemyview/comments/3bntia/_/csnv1f0/	TRUE
data_driven_civil_discourse_subset	https://www.reddit.com/r/changemyview/comments/3bntia/_/csny9zt/	TRUE
data_driven_civil_discourse_subset	https://www.reddit.com/r/changemyview/comments/3etakd/_/ctjikrj/	TRUE
data_driven_civil_discourse_subset	https://www.reddit.com/r/changemyview/comments/46vy65/_/d08ckav/	TRUE
data_driven_civil_discourse_subset	https://www.reddit.com/r/changemyview/comments/4xiktc/_/d6ftp7f/	TRUE
data_driven_civil_discourse_subset	https://www.reddit.com/r/changemyview/comments/5eolqc/_/dadyya8/	TRUE
data_driven_civil_discourse_subset	https://www.reddit.com/r/changemyview/comments/5frejm/_/damm9xw/	TRUE
data_driven_civil_discourse_subset	https://www.reddit.com/r/changemyview/comments/5lilix/_/dbvzvi8/	TRUE
data_driven_civil_discourse_subset	https://www.reddit.com/r/changemyview/comments/5sc64x/_/dddzph9/	TRUE
data_driven_civil_discourse_subset	https://www.reddit.com/r/changemyview/comments/5ttzqh/_/ddp68ge/	FALSE
data_driven_civil_discourse_subset	https://www.reddit.com/r/changemyview/comments/63l2vd/_/dfvknrg/	TRUE
data_driven_civil_discourse_subset	https://www.reddit.com/r/changemyview/comments/6je7u2/_/djdky74/	TRUE
data_driven_civil_discourse_subset	https://www.reddit.com/r/changemyview/comments/7i1pna/_/dqw3nbn/	TRUE
data_driven_civil_discourse_subset	https://www.reddit.com/r/changemyview/comments/82i7oe/_/dvaap6m/	TRUE
data_driven_civil_discourse_subset	https://www.reddit.com/r/changemyview/comments/8u3urs/_/e1dlone/	FALSE
data_driven_civil_discourse_subset	https://www.reddit.com/r/changemyview/comments/927jsx/_/e33nbtm/	TRUE
data_driven_civil_discourse_subset	https://www.reddit.com/r/changemyview/comments/92ruf3/_/e37xu98/	FALSE
data_driven_civil_discourse_subset	https://www.reddit.com/r/changemyview/comments/97k2rb/_/e48wg33/	FALSE
data_driven_civil_discourse_subset	https://www.reddit.com/r/changemyview/comments/9ac2ef/_/e4uc928/	FALSE
data_driven_civil_discourse_subset	https://www.reddit.com/r/changemyview/comments/9qdhx9/_/e88dhfw/	TRUE
data_driven_civil_discourse_subset	https://www.reddit.com/r/changemyview/comments/a66k1n/_/ebswya3/	TRUE
data_driven_civil_discourse_subset	https://www.reddit.com/r/changemyview/comments/bdkjyg/_/ekyv0wj/	TRUE
data_driven_civil_discourse_subset	https://www.reddit.com/r/changemyview/comments/bgwkkc/_/elpykeo/	TRUE
data_driven_civil_discourse_subset	https://www.reddit.com/r/changemyview/comments/boc0dl/_/enebgnc/	FALSE
data_driven_civil_discourse_subset	https://www.reddit.com/r/changemyview/comments/btsdbj/_/ep1vv20/	FALSE
data_driven_civil_discourse_subset	https://www.reddit.com/r/changemyview/comments/c35xx3/_/erp1129/	TRUE
data_driven_civil_discourse_subset	https://www.reddit.com/r/changemyview/comments/dvzhyr/_/f7fuicl/	TRUE
data_driven_civil_discourse_subset	https://www.reddit.com/r/changemyview/comments/ha6ibt/_/fv0y61v/	TRUE
data_driven_civil_discourse_subset	https://www.reddit.com/r/changemyview/comments/jai9nj/_/g8poahm/	FALSE
data_driven_civil_discourse_subset	https://www.reddit.com/r/changemyview/comments/ld2sq5/_/gm3lgmj/	TRUE
data_driven_civil_discourse_subset	https://www.reddit.com/r/changemyview/comments/oya8ic/_/h7rrt8x/	TRUE
data_driven_civil_discourse_subset	https://www.reddit.com/r/changemyview/comments/pn7xmc/_/hcnlfn1/	FALSE
data_driven_civil_discourse_subset_10-19	https://www.reddit.com/r/changemyview/comments/162xin9/_/jy4z95f/	FALSE
data_driven_civil_discourse_subset_10-19	https://www.reddit.com/r/changemyview/comments/1cr6hz/_/c9jess8/	FALSE
data_driven_civil_discourse_subset_10-19	https://www.reddit.com/r/changemyview/comments/2wzu8h/_/covyhs9/	FALSE
data_driven_civil_discourse_subset_10-19	https://www.reddit.com/r/changemyview/comments/9pb1fp/_/e84588j/	FALSE
data_driven_civil_discourse_subset_10-19	https://www.reddit.com/r/changemyview/comments/aslvu9/_/egvsc46/	TRUE
data_driven_civil_discourse_subset_10-19	https://www.reddit.com/r/changemyview/comments/dv4sqn/_/f7byyer/	TRUE
data_driven_civil_discourse_subset_10-19	https://www.reddit.com/r/changemyview/comments/dxg6rt/_/f7r5oyq/	FALSE
data_driven_civil_discourse_subset_10-19	https://www.reddit.com/r/changemyview/comments/usahad/_/i93tnth/	TRUE
data_driven_civil_discourse_subset_10-19	https://www.reddit.com/r/changemyview/comments/uzxliu/_/iaeh58h/	TRUE
data_driven_civil_discourse_subset_2	https://www.reddit.com/r/changemyview/comments/1xj2g0/_/cfbruv9/	FALSE
data_driven_civil_discourse_subset_2	https://www.reddit.com/r/changemyview/comments/blcfsx/_/emnf29o/	FALSE
data_driven_civil_discourse_subset_2	https://www.reddit.com/r/changemyview/comments/bvwg50/_/ept9i2k/	TRUE
data_driven_civil_discourse_subset_2	https://www.reddit.com/r/changemyview/comments/eg1x08/_/fc3wwxp/	TRUE
data_driven_civil_discourse_subset_2	https://www.reddit.com/r/changemyview/comments/em016s/_/fdlhn1b/	FALSE
data_driven_civil_discourse_subset_2	https://www.reddit.com/r/changemyview/comments/hgt4xa/_/fw5wyof/	FALSE
data_driven_civil_discourse_subset_2	https://www.reddit.com/r/changemyview/comments/pqnr3d/_/hdccmvc/	TRUE
data_driven_civil_discourse_subset_2	https://www.reddit.com/r/changemyview/comments/qwdyy1/_/hl2xpbf/	TRUE
data_driven_civil_discourse_subset_2	https://www.reddit.com/r/changemyview/comments/uw5n50/_/i9pm011/	TRUE
data_driven_civil_discourse_subset_3	https://www.reddit.com/r/changemyview/comments/13y35jh/_/jmksnt4/	FALSE
data_driven_civil_discourse_subset_3	https://www.reddit.com/r/changemyview/comments/175vrpm/_/k4inmzi/	TRUE
data_driven_civil_discourse_subset_3	https://www.reddit.com/r/changemyview/comments/20xnem/_/cg7r0gu/	TRUE
data_driven_civil_discourse_subset_3	https://www.reddit.com/r/changemyview/comments/48h0gv/_/d0jk6rj/	TRUE
data_driven_civil_discourse_subset_3	https://www.reddit.com/r/changemyview/comments/8fs0g3/_/dy7t5ux/	FALSE
data_driven_civil_discourse_subset_3	https://www.reddit.com/r/changemyview/comments/aaubyq/_/ecv58jp/	TRUE
data_driven_civil_discourse_subset_3	https://www.reddit.com/r/changemyview/comments/fjo9mu/_/fko49yu/	TRUE
data_driven_civil_discourse_subset_3	https://www.reddit.com/r/changemyview/comments/hrshr8/_/fy6ba77/	TRUE
data_driven_civil_discourse_subset_3	https://www.reddit.com/r/changemyview/comments/i2zidv/_/g08au38/	TRUE
data_driven_civil_discourse_subset_4-9	https://www.reddit.com/r/changemyview/comments/17jab8x/_/k71j1zh/	TRUE
data_driven_civil_discourse_subset_4-9	https://www.reddit.com/r/changemyview/comments/57j9mj/_/d8sktld/	FALSE
data_driven_civil_discourse_subset_4-9	https://www.reddit.com/r/changemyview/comments/6ph4wy/_/dkpgmoc/	FALSE
data_driven_civil_discourse_subset_4-9	https://www.reddit.com/r/changemyview/comments/80sz76/_/duy5wgc/	FALSE
data_driven_civil_discourse_subset_4-9	https://www.reddit.com/r/changemyview/comments/90v2jx/_/e2tey19/	TRUE
data_driven_civil_discourse_subset_4-9	https://www.reddit.com/r/changemyview/comments/dfpkpd/_/f3656ju/	TRUE
data_driven_civil_discourse_subset_4-9	https://www.reddit.com/r/changemyview/comments/kuqson/_/givuzg6/	FALSE
data_driven_civil_discourse_subset_4-9	https://www.reddit.com/r/changemyview/comments/vl24qr/_/idtfa6g/	FALSE
data_driven_civil_discourse_subset_4-9	https://www.reddit.com/r/changemyview/comments/x0stgi/_/ima00pm/	FALSE
eli5	https://www.reddit.com/r/explainlikeimfive/comments/1jyiyk/_/cbjq0i6/	FALSE
eli5	https://www.reddit.com/r/explainlikeimfive/comments/6ts3r5/_/dln32na/	FALSE
eli5	https://www.reddit.com/r/unpopularopinion/comments/119owx3/_/j9nee0e/	FALSE
eli5	https://www.reddit.com/r/unpopularopinion/comments/6oal7p/_/dkgbreq/	FALSE
eli5	https://www.reddit.com/r/unpopularopinion/comments/am0xzk/_/efiek0o/	FALSE
eli5	https://www.reddit.com/r/unpopularopinion/comments/bpizny/_/envfvnc/	FALSE
eli5	https://www.reddit.com/r/unpopularopinion/comments/gcf4dd/_/fpcbrml/	FALSE
eli5	https://www.reddit.com/r/unpopularopinion/comments/ge9ujc/_/fpm4yxj/	TRUE
eli5	https://www.reddit.com/r/unpopularopinion/comments/gzevuv/_/ftfv15x/	FALSE
eli5	https://www.reddit.com/r/unpopularopinion/comments/kefwmf/_/gg29itg/	TRUE
eli5	https://www.reddit.com/r/unpopularopinion/comments/m9l6dv/_/grnpw0r/	TRUE
eli5	https://www.reddit.com/r/unpopularopinion/comments/o4m2om/_/h2i1zpg/	FALSE
eli5_10-19	https://www.reddit.com/r/explainlikeimfive/comments/102zqc/_/c6a8ho3/	FALSE
eli5_10-19	https://www.reddit.com/r/explainlikeimfive/comments/14e1sx4/_/joth5zq/	FALSE
eli5_10-19	https://www.reddit.com/r/explainlikeimfive/comments/16sntc2/_/k2bayem/	FALSE
eli5_10-19	https://www.reddit.com/r/explainlikeimfive/comments/2be8qp/_/cj52dfx/	FALSE
eli5_10-19	https://www.reddit.com/r/explainlikeimfive/comments/2ygv5b/_/cpa1y9j/	FALSE
eli5_10-19	https://www.reddit.com/r/explainlikeimfive/comments/39wbpu/_/cs755k7/	FALSE
eli5_10-19	https://www.reddit.com/r/explainlikeimfive/comments/3bbnb6/_/cskwci9/	FALSE
eli5_10-19	https://www.reddit.com/r/explainlikeimfive/comments/3bbnb6/_/cskz1sa/	FALSE
eli5_10-19	https://www.reddit.com/r/explainlikeimfive/comments/3noyd3/_/cvqekj7/	FALSE
eli5_10-19	https://www.reddit.com/r/explainlikeimfive/comments/44niyt/_/czs4662/	FALSE
eli5_10-19	https://www.reddit.com/r/explainlikeimfive/comments/6o4cgc/_/dkfa5c3/	FALSE
eli5_10-19	https://www.reddit.com/r/explainlikeimfive/comments/6pk7rz/_/dkqqxfy/	FALSE
eli5_10-19	https://www.reddit.com/r/explainlikeimfive/comments/6pk7rz/_/dkqy346/	FALSE
eli5_10-19	https://www.reddit.com/r/explainlikeimfive/comments/a0qiuc/_/eakkdyz/	FALSE
eli5_10-19	https://www.reddit.com/r/explainlikeimfive/comments/dtcui9/_/f6wtn2g/	FALSE
eli5_10-19	https://www.reddit.com/r/explainlikeimfive/comments/ofyuvr/_/h4gb4tc/	FALSE
eli5_10-19	https://www.reddit.com/r/explainlikeimfive/comments/x00c0c/_/im89y7l/	TRUE
eli5_2	https://www.reddit.com/r/explainlikeimfive/comments/18avden/_/kc0h884/	FALSE
eli5_2	https://www.reddit.com/r/explainlikeimfive/comments/206wcg/_/cg0c7hb/	FALSE
eli5_2	https://www.reddit.com/r/explainlikeimfive/comments/24mqx5/_/ch8vsbs/	FALSE
eli5_2	https://www.reddit.com/r/explainlikeimfive/comments/35312t/_/cr1euih/	FALSE
eli5_2	https://www.reddit.com/r/explainlikeimfive/comments/3ika61/_/cuh6la6/	FALSE
eli5_2	https://www.reddit.com/r/explainlikeimfive/comments/3qllkg/_/cwh9eus/	FALSE
eli5_2	https://www.reddit.com/r/explainlikeimfive/comments/5pnu2o/_/dcshw9t/	FALSE
eli5_2	https://www.reddit.com/r/explainlikeimfive/comments/6m9gor/_/djzw274/	FALSE
eli5_2	https://www.reddit.com/r/explainlikeimfive/comments/abxc61/_/ed42g9k/	FALSE
eli5_2	https://www.reddit.com/r/explainlikeimfive/comments/ah7faa/_/eec30aq/	TRUE
eli5_2	https://www.reddit.com/r/explainlikeimfive/comments/andc7t/_/efsg2m5/	FALSE
eli5_2	https://www.reddit.com/r/explainlikeimfive/comments/famrmz/_/fizu1tr/	FALSE
eli5_2	https://www.reddit.com/r/explainlikeimfive/comments/rse0k6/_/hqma4zt/	FALSE
eli5_2	https://www.reddit.com/r/explainlikeimfive/comments/yhfmp4/_/iufs4et/	FALSE
eli5_2	https://www.reddit.com/r/explainlikeimfive/comments/zmtv5o/_/j0e7g6x/	FALSE
eli5_3	https://www.reddit.com/r/explainlikeimfive/comments/104w4jj/_/j394lkw/	FALSE
eli5_3	https://www.reddit.com/r/explainlikeimfive/comments/21azj2/_/cgbmmhh/	FALSE
eli5_3	https://www.reddit.com/r/explainlikeimfive/comments/2x8bvm/_/coxvnii/	FALSE
eli5_3	https://www.reddit.com/r/explainlikeimfive/comments/2y02dh/_/cp50m36/	FALSE
eli5_3	https://www.reddit.com/r/explainlikeimfive/comments/2ygv5b/_/cp9zyro/	FALSE
eli5_3	https://www.reddit.com/r/explainlikeimfive/comments/3c1jtz/_/csrwprl/	FALSE
eli5_3	https://www.reddit.com/r/explainlikeimfive/comments/3vw9sh/_/cxroufs/	FALSE
eli5_3	https://www.reddit.com/r/explainlikeimfive/comments/42uvsq/_/czdaz03/	TRUE
eli5_3	https://www.reddit.com/r/explainlikeimfive/comments/5wq8fz/_/dec6ysw/	FALSE
eli5_3	https://www.reddit.com/r/explainlikeimfive/comments/6o4cgc/_/dkerr7q/	FALSE
eli5_3	https://www.reddit.com/r/explainlikeimfive/comments/886f0v/_/dwi8qk9/	FALSE
eli5_3	https://www.reddit.com/r/explainlikeimfive/comments/ickpsn/_/g23dgx0/	FALSE
eli5_3	https://www.reddit.com/r/explainlikeimfive/comments/mqe8b/_/c331evy/	FALSE
eli5_3	https://www.reddit.com/r/explainlikeimfive/comments/nuduvk/_/h0wxyya/	FALSE
eli5_3	https://www.reddit.com/r/explainlikeimfive/comments/pt2vu/_/c3s2dox/	FALSE
eli5_3	https://www.reddit.com/r/explainlikeimfive/comments/uga5g3/_/i6zm4xk/	FALSE
eli5_3	https://www.reddit.com/r/explainlikeimfive/comments/zpq24p/_/j115hfn/	FALSE
eli5_4-9	https://www.reddit.com/r/explainlikeimfive/comments/103tigd/_/j31j41x/	FALSE
eli5_4-9	https://www.reddit.com/r/explainlikeimfive/comments/1ujty2/_/cej9s9h/	FALSE
eli5_4-9	https://www.reddit.com/r/explainlikeimfive/comments/1v75up/_/cepgfr5/	FALSE
eli5_4-9	https://www.reddit.com/r/explainlikeimfive/comments/2be8qp/_/cj52hjs/	FALSE
eli5_4-9	https://www.reddit.com/r/explainlikeimfive/comments/2culhm/_/cjjtlc2/	FALSE
eli5_4-9	https://www.reddit.com/r/explainlikeimfive/comments/2nu9py/_/cmhkm2c/	FALSE
eli5_4-9	https://www.reddit.com/r/explainlikeimfive/comments/3iyyze/_/culoozs/	FALSE
eli5_4-9	https://www.reddit.com/r/explainlikeimfive/comments/3qj6x6/_/cwfoca6/	FALSE
eli5_4-9	https://www.reddit.com/r/explainlikeimfive/comments/3ud3qx/_/cxeeuot/	FALSE
eli5_4-9	https://www.reddit.com/r/explainlikeimfive/comments/3zaad5/_/cyktnym/	FALSE
eli5_4-9	https://www.reddit.com/r/explainlikeimfive/comments/f5nx60/_/fi17icy/	FALSE
eli5_4-9	https://www.reddit.com/r/explainlikeimfive/comments/kyxjod/_/gjmxbgr/	FALSE
eli5_4-9	https://www.reddit.com/r/explainlikeimfive/comments/u8uhc5/_/i5o3ted/	FALSE
eli5_4-9	https://www.reddit.com/r/explainlikeimfive/comments/y843px/_/isyzzhz/	FALSE
random_sample	https://www.reddit.com/r/BWCbigwhitecocks/comments/160m6wp/_/jxq8hbi/	TRUE
random_sample	https://www.reddit.com/r/CamModel/comments/irs1gj/_/g7x1q53/	TRUE
random_sample	https://www.reddit.com/r/EsfandTV/comments/z9zglz/_/iylkd2r/	FALSE
random_sample	https://www.reddit.com/r/FireEmblemHeroes/comments/8m8fkq/_/dzlmnqn/	FALSE
random_sample	https://www.reddit.com/r/Hyperhidrosis/comments/ka3x7l/_/gfcdqol/	FALSE
random_sample	https://www.reddit.com/r/IndianDefense/comments/11ebibq/_/jam7sz4/	FALSE
random_sample	https://www.reddit.com/r/LEGOfortnite/comments/18zby96/_/kggigyg/	FALSE
random_sample	https://www.reddit.com/r/Minecraft/comments/le0iss/_/gm8qwpi/	FALSE
random_sample	https://www.reddit.com/r/NoFapChristians/comments/osytvg/_/h6t408n/	TRUE
random_sample	https://www.reddit.com/r/PoliticalPhilosophy/comments/sooa7x/_/hwfgqr0/	FALSE
random_sample	https://www.reddit.com/r/Radiation/comments/17ssigj/_/k8t9bqd/	TRUE
random_sample	https://www.reddit.com/r/UMD/comments/12z42fg/_/jhqodep/	FALSE
random_sample	https://www.reddit.com/r/UTsnow/comments/iyk6as/_/g6d2yr7/	FALSE
random_sample	https://www.reddit.com/r/Xiaomi/comments/s7rrmp/_/htcymt5/	FALSE
random_sample	https://www.reddit.com/r/aoe4/comments/wliinr/_/ijuzfop/	FALSE
random_sample	https://www.reddit.com/r/criterion/comments/15ginf0/_/juk1c0p/	FALSE
random_sample	https://www.reddit.com/r/gofundme/comments/ufd9p9/_/i6tpuvj/	TRUE
random_sample	https://www.reddit.com/r/insideJorahshead/comments/3hsl5h/_/cua9d0g/	FALSE
random_sample	https://www.reddit.com/r/learnpython/comments/kfq2sy/_/gg9vz7k/	FALSE
random_sample	https://www.reddit.com/r/malaysia/comments/mpaxb9/_/gu8sxgi/	TRUE
random_sample	https://www.reddit.com/r/modelmakers/comments/ky7t3k/_/gjendze/	FALSE
random_sample	https://www.reddit.com/r/shroomery/comments/10epaql/_/j4sdmc4/	FALSE
random_sample	https://www.reddit.com/r/trashyboners/comments/8f0h5h/_/dy0dhmh/	FALSE
random_sample	https://www.reddit.com/r/uErasmus/comments/134iyka/_/jivayaa/	FALSE
random_sample	https://www.reddit.com/r/workgonewild/comments/zdgltj/_/iz1fyu2/	FALSE
random_sample	https://www.reddit.com/r/xboxone/comments/3a6kdg/_/cs9tqbv/	FALSE
random_sample	https://www.reddit.com/r/yugioh/comments/17hq9ak/_/k6qsm29/	FALSE
random_sample_10-19	https://www.reddit.com/r/AdviceAnimals/comments/53ij0b/_/d7unlxt/	FALSE
random_sample_10-19	https://www.reddit.com/r/AmItheAsshole/comments/rhc1nf/_/hopqcix/	FALSE
random_sample_10-19	https://www.reddit.com/r/AskReddit/comments/xaxt9t/_/io235j0/	FALSE
random_sample_10-19	https://www.reddit.com/r/AskRedditAfterDark/comments/12vkpnm/_/jhcgx4w/	FALSE
random_sample_10-19	https://www.reddit.com/r/Christianity/comments/2w4xjf/_/cooy28q/	FALSE
random_sample_10-19	https://www.reddit.com/r/MMORPG/comments/16ck3dj/_/jzppgty/	FALSE
random_sample_10-19	https://www.reddit.com/r/Minecraft/comments/k9ypuk/_/gf91cp2/	FALSE
random_sample_10-19	https://www.reddit.com/r/ToppsMarvelCollect/comments/utc1fw/_/i9g6max/	FALSE
random_sample_10-19	https://www.reddit.com/r/conspiracy/comments/rbxks2/_/hnr6pxs/	FALSE
random_sample_10-19	https://www.reddit.com/r/dataisbeautiful/comments/11l31kd/_/jbgavkx/	FALSE
random_sample_10-19	https://www.reddit.com/r/entertainment/comments/wbes7o/_/ii8coq0/	FALSE
random_sample_10-19	https://www.reddit.com/r/hockey/comments/zsmnu0/_/j19njde/	FALSE
random_sample_10-19	https://www.reddit.com/r/pcmasterrace/comments/437exq/_/czgsmjh/	FALSE
random_sample_10-19	https://www.reddit.com/r/replika/comments/10xn8uj/_/j7uq01o/	FALSE
random_sample_10-19	https://www.reddit.com/r/shittyama/comments/seskl0/_/hum1js9/	FALSE
random_sample_10-19	https://www.reddit.com/r/soccer/comments/3m6a8v/_/cvd0fxz/	FALSE
random_sample_10-19	https://www.reddit.com/r/videos/comments/505v6r/_/d72mryt/	FALSE
random_sample_2	https://www.reddit.com/r/Accounting/comments/8bmow9/_/dx83t8k/	FALSE
random_sample_2	https://www.reddit.com/r/AssholeBehindThong/comments/l06313/_/gjteznu/	FALSE
random_sample_2	https://www.reddit.com/r/DanLeBatardShow/comments/10rrmx6/_/j6xrt8z/	FALSE
random_sample_2	https://www.reddit.com/r/KitchenConfidential/comments/zhwzv3/_/izp9pvg/	FALSE
random_sample_2	https://www.reddit.com/r/Louisiana/comments/159i6yr/_/jtjm0h4/	FALSE
random_sample_2	https://www.reddit.com/r/Music/comments/swhem2/_/hxo2n4l/	FALSE
random_sample_2	https://www.reddit.com/r/Random_Acts_Of_Amazon/comments/235dee/_/cgtmj9o/	FALSE
random_sample_2	https://www.reddit.com/r/TransDIY/comments/t0jg0v/_/hyben57/	FALSE
random_sample_2	https://www.reddit.com/r/amexcanada/comments/xw0853/_/ir5n7rd/	FALSE
random_sample_2	https://www.reddit.com/r/buffalobills/comments/19cfd6l/_/kiy9wfa/	FALSE
random_sample_2	https://www.reddit.com/r/dataisbeautiful/comments/jcwvhr/_/g98clwu/	FALSE
random_sample_2	https://www.reddit.com/r/motorcycles/comments/2hddnp/_/ckrrkhu/	FALSE
random_sample_2	https://www.reddit.com/r/shittyaskscience/comments/3r3i1f/_/cwl52qr/	FALSE
random_sample_2	https://www.reddit.com/r/soccer/comments/na2xmk/_/gxt1v39/	FALSE
random_sample_2	https://www.reddit.com/r/streetwear/comments/3nhkn7/_/cvq4d56/	FALSE
random_sample_3	https://www.reddit.com/r/Cringetopia/comments/mqxuya/_/gukmd2u/	FALSE
random_sample_3	https://www.reddit.com/r/EscapingPrisonPlanet/comments/14ad4hn/_/jobko49/	FALSE
random_sample_3	https://www.reddit.com/r/Evansville_NSFW/comments/18bmmvg/_/kccwfti/	FALSE
random_sample_3	https://www.reddit.com/r/Gunners/comments/24839a/_/ch4izgb/	FALSE
random_sample_3	https://www.reddit.com/r/NoStupidQuestions/comments/op5sgy/_/h6412bx/	FALSE
random_sample_3	https://www.reddit.com/r/OkCupid/comments/38qjsr/_/crx5wvb/	FALSE
random_sample_3	https://www.reddit.com/r/Overwolf/comments/kmmgye/_/gq01lhd/	TRUE
random_sample_3	https://www.reddit.com/r/Pathfinder_RPG/comments/i9zuj9/_/g1iowr8/	FALSE
random_sample_3	https://www.reddit.com/r/aww/comments/mceekj/_/gs3zo4h/	FALSE
random_sample_3	https://www.reddit.com/r/intel/comments/gnsrdx/_/frboixw/	FALSE
random_sample_3	https://www.reddit.com/r/learndota2/comments/2cqrls/_/cji9zil/	FALSE
random_sample_3	https://www.reddit.com/r/mildlyinfuriating/comments/zz63br/_/j29yxsb/	FALSE
random_sample_3	https://www.reddit.com/r/motorcycles/comments/17cltab/_/k5rmmg1/	TRUE
random_sample_3	https://www.reddit.com/r/movies/comments/onbw98/_/h5r5lps/	FALSE
random_sample_3	https://www.reddit.com/r/pokemon/comments/qvl1c7/_/hkxamra/	FALSE
random_sample_3	https://www.reddit.com/r/starcraft/comments/itzrob/_/g5imkqp/	FALSE
random_sample_3	https://www.reddit.com/r/videos/comments/505v6r/_/d71jdfj/	FALSE
random_sample_4-9	https://www.reddit.com/r/Affairs/comments/hxq74z/_/fz8masy/	FALSE
random_sample_4-9	https://www.reddit.com/r/AskReddit/comments/xaxt9t/_/inyo4n5/	FALSE
random_sample_4-9	https://www.reddit.com/r/AskReddit/comments/xaxt9t/_/inyx26k/	FALSE
random_sample_4-9	https://www.reddit.com/r/Cringetopia/comments/klz3xr/_/ghc607v/	FALSE
random_sample_4-9	https://www.reddit.com/r/FortniteCompetitive/comments/p3bivo/_/h8tceon/	FALSE
random_sample_4-9	https://www.reddit.com/r/IndianTeenagers/comments/16wyqlm/_/k2zq2xl/	FALSE
random_sample_4-9	https://www.reddit.com/r/VALORANT/comments/14poopq/_/jqla4af/	FALSE
random_sample_4-9	https://www.reddit.com/r/baseballcards/comments/nxmeru/_/h1flj1q/	TRUE
random_sample_4-9	https://www.reddit.com/r/controversialiama/comments/8lcxac/_/dzm8b9y/	FALSE
random_sample_4-9	https://www.reddit.com/r/gaming/comments/xejmn/_/c5m24cj/	FALSE
random_sample_4-9	https://www.reddit.com/r/memes/comments/rryawt/_/hqjfu92/	FALSE
random_sample_4-9	https://www.reddit.com/r/nba/comments/4krp69/_/d3hz9af/	FALSE
random_sample_4-9	https://www.reddit.com/r/nfl/comments/4cp5u3/_/d1kyyza/	FALSE
random_sample_4-9	https://www.reddit.com/r/nyc/comments/2q325r/_/cn38292/	FALSE
random_sample_4-9	https://www.reddit.com/r/politics/comments/4drrgq/_/d1tq8l7/	FALSE
random_sample_4-9	https://www.reddit.com/r/pregnant/comments/x9yolc/_/inr6p39/	FALSE
unpopularopinion	https://www.reddit.com/r/unpopularopinion/comments/17acci8/_/k5c4aya/	FALSE
unpopularopinion	https://www.reddit.com/r/unpopularopinion/comments/7xrmzf/_/duak0qc/	FALSE
unpopularopinion	https://www.reddit.com/r/unpopularopinion/comments/arisxz/_/egnl3ti/	FALSE
unpopularopinion	https://www.reddit.com/r/unpopularopinion/comments/bhod8k/_/eludzau/	FALSE
unpopularopinion	https://www.reddit.com/r/unpopularopinion/comments/ezjwnx/_/fgoamxz/	FALSE
unpopularopinion	https://www.reddit.com/r/unpopularopinion/comments/iyrymv/_/g6ebalr/	FALSE
unpopularopinion	https://www.reddit.com/r/unpopularopinion/comments/lfphq9/_/gmneuas/	FALSE
unpopularopinion	https://www.reddit.com/r/unpopularopinion/comments/p3ping/_/h8uuaro/	FALSE
unpopularopinion	https://www.reddit.com/r/unpopularopinion/comments/pfwwy8/_/hb9lkim/	TRUE
unpopularopinion	https://www.reddit.com/r/unpopularopinion/comments/uctzt8/_/i6cxga5/	TRUE
unpopularopinion	https://www.reddit.com/r/unpopularopinion/comments/xhbbhc/_/iowlw6w/	FALSE
unpopularopinion_10-19	https://www.reddit.com/r/unpopularopinion/comments/17kvnmf/_/k7agnci/	TRUE
unpopularopinion_10-19	https://www.reddit.com/r/unpopularopinion/comments/axc2nd/_/ehyzlcs/	FALSE
unpopularopinion_10-19	https://www.reddit.com/r/unpopularopinion/comments/bpazuh/_/enrs0fw/	FALSE
unpopularopinion_10-19	https://www.reddit.com/r/unpopularopinion/comments/bpvorj/_/enyjor0/	FALSE
unpopularopinion_10-19	https://www.reddit.com/r/unpopularopinion/comments/cgmfwv/_/evah1vz/	FALSE
unpopularopinion_10-19	https://www.reddit.com/r/unpopularopinion/comments/d4kiay/_/f0dypmk/	FALSE
unpopularopinion_10-19	https://www.reddit.com/r/unpopularopinion/comments/dmm6j5/_/f56ysz5/	TRUE
unpopularopinion_10-19	https://www.reddit.com/r/unpopularopinion/comments/f3dm0q/_/fhii2om/	FALSE
unpopularopinion_10-19	https://www.reddit.com/r/unpopularopinion/comments/hjd5fz/_/fwv1zr0/	FALSE
unpopularopinion_10-19	https://www.reddit.com/r/unpopularopinion/comments/hs4i54/_/fy8dfen/	FALSE
unpopularopinion_10-19	https://www.reddit.com/r/unpopularopinion/comments/ivix5h/_/g5rxwmy/	FALSE
unpopularopinion_10-19	https://www.reddit.com/r/unpopularopinion/comments/jva7y7/_/gcih7x1/	FALSE
unpopularopinion_10-19	https://www.reddit.com/r/unpopularopinion/comments/msjhfy/_/gv8cfce/	FALSE
unpopularopinion_10-19	https://www.reddit.com/r/unpopularopinion/comments/mzme3m/_/gw2rwah/	FALSE
unpopularopinion_10-19	https://www.reddit.com/r/unpopularopinion/comments/qokvg1/_/hjnyw86/	FALSE
unpopularopinion_10-19	https://www.reddit.com/r/unpopularopinion/comments/wxfq4l/_/ilrpi8j/	FALSE
unpopularopinion_2	https://www.reddit.com/r/unpopularopinion/comments/22tpcn/_/cgwbs2h/	FALSE
unpopularopinion_2	https://www.reddit.com/r/unpopularopinion/comments/8xmfaj/_/e244p8t/	FALSE
unpopularopinion_2	https://www.reddit.com/r/unpopularopinion/comments/a5nk3a/_/ebog650/	FALSE
unpopularopinion_2	https://www.reddit.com/r/unpopularopinion/comments/a653d9/_/ebsiiw9/	FALSE
unpopularopinion_2	https://www.reddit.com/r/unpopularopinion/comments/ajb4yf/_/eeu3aw0/	FALSE
unpopularopinion_2	https://www.reddit.com/r/unpopularopinion/comments/brcy21/_/eocnosz/	FALSE
unpopularopinion_2	https://www.reddit.com/r/unpopularopinion/comments/c2v2fc/_/ermsbkk/	FALSE
unpopularopinion_2	https://www.reddit.com/r/unpopularopinion/comments/d87ron/_/f18mket/	TRUE
unpopularopinion_2	https://www.reddit.com/r/unpopularopinion/comments/eons8b/_/fee249b/	TRUE
unpopularopinion_2	https://www.reddit.com/r/unpopularopinion/comments/epfdoz/_/fej67ve/	FALSE
unpopularopinion_2	https://www.reddit.com/r/unpopularopinion/comments/fgsykq/_/fk6p6dm/	TRUE
unpopularopinion_2	https://www.reddit.com/r/unpopularopinion/comments/fwbcfx/_/fmnen13/	FALSE
unpopularopinion_2	https://www.reddit.com/r/unpopularopinion/comments/g0fwr8/_/fn9m3x2/	FALSE
unpopularopinion_2	https://www.reddit.com/r/unpopularopinion/comments/gjrj8k/_/fqmp7iw/	FALSE
unpopularopinion_2	https://www.reddit.com/r/unpopularopinion/comments/hdpa4w/_/fvml9zi/	TRUE
unpopularopinion_2	https://www.reddit.com/r/unpopularopinion/comments/i1nkgr/_/fzympjk/	FALSE
unpopularopinion_2	https://www.reddit.com/r/unpopularopinion/comments/l8yi39/_/glffyfs/	FALSE
unpopularopinion_3	https://www.reddit.com/r/unpopularopinion/comments/14qg0cd/_/jqnc9oh/	FALSE
unpopularopinion_3	https://www.reddit.com/r/unpopularopinion/comments/18w08ra/_/kfuqgip/	TRUE
unpopularopinion_3	https://www.reddit.com/r/unpopularopinion/comments/96ttj6/_/e43cerb/	FALSE
unpopularopinion_3	https://www.reddit.com/r/unpopularopinion/comments/a3hmyg/_/eb7o5a8/	FALSE
unpopularopinion_3	https://www.reddit.com/r/unpopularopinion/comments/b3qeq4/_/ej22510/	FALSE
unpopularopinion_3	https://www.reddit.com/r/unpopularopinion/comments/b9cfsb/_/ek4qgud/	FALSE
unpopularopinion_3	https://www.reddit.com/r/unpopularopinion/comments/by5rln/_/eqe1gwp/	FALSE
unpopularopinion_3	https://www.reddit.com/r/unpopularopinion/comments/dqwcf9/_/f6atw1b/	FALSE
unpopularopinion_3	https://www.reddit.com/r/unpopularopinion/comments/fcmwwn/_/fjckord/	FALSE
unpopularopinion_3	https://www.reddit.com/r/unpopularopinion/comments/gwiz10/_/fsx682l/	FALSE
unpopularopinion_3	https://www.reddit.com/r/unpopularopinion/comments/hv4xmm/_/fyr8836/	FALSE
unpopularopinion_3	https://www.reddit.com/r/unpopularopinion/comments/hyo2pp/_/fzdvadv/	FALSE
unpopularopinion_3	https://www.reddit.com/r/unpopularopinion/comments/isix62/_/g5bilat/	FALSE
unpopularopinion_3	https://www.reddit.com/r/unpopularopinion/comments/j2dyas/_/g7gcksy/	FALSE
unpopularopinion_3	https://www.reddit.com/r/unpopularopinion/comments/kkuga6/_/gh4tvhk/	FALSE
unpopularopinion_3	https://www.reddit.com/r/unpopularopinion/comments/ox4v6i/_/h7kb4oo/	FALSE
unpopularopinion_3	https://www.reddit.com/r/unpopularopinion/comments/runpc3/_/hr628xk/	TRUE
unpopularopinion_3	https://www.reddit.com/r/unpopularopinion/comments/z8lctl/_/iyi7uge/	FALSE
unpopularopinion_4-9	https://www.reddit.com/r/unpopularopinion/comments/10kg6sz/_/j5qxcko/	FALSE
unpopularopinion_4-9	https://www.reddit.com/r/unpopularopinion/comments/149kxh3/_/jo6y73a/	FALSE
unpopularopinion_4-9	https://www.reddit.com/r/unpopularopinion/comments/8sm4lo/_/e115vki/	FALSE
unpopularopinion_4-9	https://www.reddit.com/r/unpopularopinion/comments/beyx26/_/el9yflp/	FALSE
unpopularopinion_4-9	https://www.reddit.com/r/unpopularopinion/comments/bno8r0/_/en8bhpj/	TRUE
unpopularopinion_4-9	https://www.reddit.com/r/unpopularopinion/comments/byf0lt/_/eqik4am/	FALSE
unpopularopinion_4-9	https://www.reddit.com/r/unpopularopinion/comments/bzo7oq/_/equg869/	FALSE
unpopularopinion_4-9	https://www.reddit.com/r/unpopularopinion/comments/e7d7pm/_/fa0yta2/	FALSE
unpopularopinion_4-9	https://www.reddit.com/r/unpopularopinion/comments/fgofbo/_/fk632y0/	TRUE
unpopularopinion_4-9	https://www.reddit.com/r/unpopularopinion/comments/g4adgc/_/fnwt69q/	FALSE
unpopularopinion_4-9	https://www.reddit.com/r/unpopularopinion/comments/h0q52t/_/fto4rch/	FALSE
unpopularopinion_4-9	https://www.reddit.com/r/unpopularopinion/comments/ibks7f/_/g1wciev/	FALSE
unpopularopinion_4-9	https://www.reddit.com/r/unpopularopinion/comments/jm00vv/_/gato606/	FALSE
unpopularopinion_4-9	https://www.reddit.com/r/unpopularopinion/comments/lf7w2d/_/gmkeqem/	FALSE
unpopularopinion_4-9	https://www.reddit.com/r/unpopularopinion/comments/lv6j2w/_/gpal14n/	TRUE
unpopularopinion_4-9	https://www.reddit.com/r/unpopularopinion/comments/ofumg5/_/h4f1d2n/	FALSE
unpopularopinion_4-9	https://www.reddit.com/r/unpopularopinion/comments/pnu43p/_/hcs0ekp/	FALSE
unpopularopinion_4-9	https://www.reddit.com/r/unpopularopinion/comments/son88s/_/hwa8hmu/	FALSE
