	subreddit_id	subreddit	id	permalink	link_id	parent_comment_id	created_utc	author_id	author	body	score	controversiality	comment_length	n_of_quotes	contains_links	contains_paragraps
0	105076686	CamModel	35307288471	https://www.reddit.com/r/CamModel/comments/irs1gj/_/g7x1q53/	1135049059	35307274096.0	2020-10-06 17:58:43	626488626642.0	bigp83	U welcome thanks for sharing	1	0	5	0	False	False
1	4738505	dataisbeautiful	35386738158	https://www.reddit.com/r/dataisbeautiful/comments/jcwvhr/_/g98clwu/	1170546543	35382522992.0	2020-10-18 15:58:07	220217622373.0	Franghein	So it looks like a picture!	2	0	6	0	False	False
2	4642148	Hyperhidrosis	35756306517	https://www.reddit.com/r/Hyperhidrosis/comments/ka3x7l/_/gfcdqol/	1226302689	35749450588.0	2020-12-11 01:16:41		[deleted]	Is iontophoresis possible for the underarms?	1	0	6	0	False	False
3	4619142	Minecraft	35750689670	https://www.reddit.com/r/Minecraft/comments/k9ypuk/_/gf91cp2/	1226059868	35750228982.0	2020-12-10 05:32:21	367355133071.0	Eggyland85	This is the way	7	0	4	0	False	False
4	4630205	learnpython	35812584704	https://www.reddit.com/r/learnpython/comments/kfq2sy/_/gg9vz7k/	1235734450		2020-12-18 18:00:51	300169590632.0	shiftybyte	"Can't you run a Linux as a virtual machine on M1?

https://www.reddit.com/r/apple/comments/k3su5j/ubuntu_linux_virtualized_on_apple_m1/"	1	0	12	0	False	True
5	41777197	Cringetopia	35876877979	https://www.reddit.com/r/Cringetopia/comments/klz3xr/_/ghc607v/	1246233519	35876220391.0	2020-12-28 23:34:37	375836345466.0	Gr4ph0n	Right leaning incels? It's like this sub is breaking the 4th wall.	1	0	12	0	False	False
6	491636098	Evansville_NSFW	44282909718	https://www.reddit.com/r/Evansville_NSFW/comments/18bmmvg/_/kccwfti/	2680043596	44282512886.0	2023-12-07 12:36:49	2467281021123.0	newguyverse	lol. You free Mondays	1	0	4	0	False	False
7	4827700	AskRedditAfterDark	42407734208	https://www.reddit.com/r/AskRedditAfterDark/comments/12vkpnm/_/jhcgx4w/	2350749154	42407725026.0	2023-04-23 02:20:53	1564821120958.0	liplover04	Ok what ever fits your narrative	-1	0	6	0	False	False
8	4650452	UMD	42431596513	https://www.reddit.com/r/UMD/comments/12z42fg/_/jhqodep/	2356691020		2023-04-26 03:11:22	1159555755134.0	Used-Establishment15	If you can afford it, then yes. I donâ€™t always carry a credit card on me since itâ€™s not necessary. I also donâ€™t like watching money leave my bank account. Nothing feels better than using dining dollars on your coffee because you want something good but donâ€™t want to use your own money. Itâ€™s also nice because you get a slight discount (you donâ€™t have to pay tax on your food)	17	0	71	0	False	False
9	4594323	gaming	26460769411	https://www.reddit.com/r/gaming/comments/xejmn/_/c5m24cj/	56105951	26460725556.0	2012-07-31 14:24:21		SonicFlash01	Ash would be proud, but minus points for evolving it at all.	1	0	12	0	False	False
10	5015507	IndianTeenagers	43716582489	https://www.reddit.com/r/IndianTeenagers/comments/16wyqlm/_/k2zq2xl/	2594947882	43716578185.0	2023-10-01 12:42:03	2435894282555.0	Impossible-List6057	Truuu	1	0	1	0	False	False
11	4595845	motorcycles	43884382753	https://www.reddit.com/r/motorcycles/comments/17cltab/_/k5rmmg1/	2621218691	43884241334.0	2023-10-21 00:38:07	41646178454603.0	Emergency-Cookie9413	Oh okay, yeah not too many good solutions then. Alot of them are just bored assholes unfortunately. I don't give them the time of day.	1	0	25	0	False	False
12	4651854	yugioh	43943448753	https://www.reddit.com/r/yugioh/comments/17hq9ak/_/k6qsm29/	2629824140		2023-10-27 22:23:17	28917746.0	torrendously	quick google search suggests that around 100 duels would be the bare minimum for a statistically significant result	1	0	18	0	False	False
13	4755175	Random_Acts_Of_Amazon	27138607116	https://www.reddit.com/r/Random_Acts_Of_Amazon/comments/235dee/_/cgtmj9o/	126221846	27138604936.0	2014-04-16 03:28:21		purebredginger	That's just so disturbing... 	2	0	4	0	False	False
14	4595285	Gunners	27156917243	https://www.reddit.com/r/Gunners/comments/24839a/_/ch4izgb/	128028286	27156894547.0	2014-04-28 22:44:15		Giraffable	[Here's an extended video of the days events.](https://www.youtube.com/watch?v=nf5ELEZnFz0) With bonus funny music.	6	0	12	0	True	False
15	4602436	PoliticalPhilosophy	38966192748	https://www.reddit.com/r/PoliticalPhilosophy/comments/sooa7x/_/hwfgqr0/	1734496701	38963401922.0	2022-02-10 22:44:49	1084310802698.0	bumharmony	"So it is neutral if it allows that everyone can practice their religion but if wealth is unequally distributred it is unbiased regarding conceptions of good? Rawls explains this with that after certain point of wealth people prefer spiritual ends but apparently it does not go for the rich but they can bargain what ever wages for them. 

Religions usually also require loads of money so they cannot be seen as separate matters.

Plus no Christian person who thinks God created all resources for humans could accept the second principle that has that producersist and reciprocal emphasis that attempts to justify producerism without the calculability of just deseert. So it is all about bargaining wages, not giving each according to his contribution, for example."	1	0	124	0	False	True
16	4594386	Music	39041117589	https://www.reddit.com/r/Music/comments/swhem2/_/hxo2n4l/	1747612730	39038186367.0	2022-02-20 04:54:00	17010702.0	Weediedeedee	That's a good song.	1	0	4	0	False	False
17	5108141	TransDIY	39080308651	https://www.reddit.com/r/TransDIY/comments/t0jg0v/_/hyben57/	1754426335	39079863220.0	2022-02-25 00:29:57		[deleted]	That's not nice.	1	0	3	0	False	False
18	5228285	DanLeBatardShow	41778386387	https://www.reddit.com/r/DanLeBatardShow/comments/10rrmx6/_/j6xrt8z/	2223421386	41777966018.0	2023-02-02 17:22:53	12892145.0	eggs_and_bacon	"""But what I'm asking..."""	9	0	4	0	False	False
19	5949969	replika	41833729212	https://www.reddit.com/r/replika/comments/10xn8uj/_/j7uq01o/	2233294219	41833307642.0	2023-02-09 15:30:25	9172542260.0	bitcoinbeacon	That's not really her thing ðŸ˜˜	32	0	6	0	False	False
20	17363955	FortniteCompetitive	37538316887	https://www.reddit.com/r/FortniteCompetitive/comments/p3bivo/_/h8tceon/	1517230932	37533708644.0	2021-08-13 18:39:30	45242902.0	Kuhzoom	I think the problem people have with purple/gold is the distance at which you can take those huge shots. At least IMO thatâ€™s the most consistently rage inducing part of fighting a purple/gold pump is that it feels impossible to trade damage with.	3	0	43	0	False	False
21	4619142	Minecraft	36173465622	https://www.reddit.com/r/Minecraft/comments/le0iss/_/gm8qwpi/	1293328684	36173446033.0	2021-02-06 16:22:29	309324333248.0	astralbeings	for a two person server?	0	0	5	0	False	False
22	4601379	nfl	28393860502	https://www.reddit.com/r/nfl/comments/4cp5u3/_/d1kyyza/	263194059	28393376579.0	2016-03-31 21:23:07		MassKhalifa	Randall Cunningham had a 91 yard punt.	2	0	7	0	False	False
23	4766280	baseballcards	37091964590	https://www.reddit.com/r/baseballcards/comments/nxmeru/_/h1flj1q/	1447194954	37091948914.0	2021-06-11 18:38:44	47585335.0	BernieSandInMyPants	I dont think theres a 'premium' cost or additional cost in an 'HTA' box. Someone can correct me if I'm wrong but I think all Jumbo Hobby boxes are technically HTA boxes. Just depends if  a seller slaps the label on a listing or not.	2	0	45	0	False	False
24	4615031	pregnant	40618466181	https://www.reddit.com/r/pregnant/comments/x9yolc/_/inr6p39/	2012118528	40618457535.0	2022-09-09 17:56:45	689449526147.0	LadyoftheFjords	Brb running to the store immediately ðŸ¤°ðŸ¼ðŸƒðŸ¼â€â™€ï¸	6	0	7	0	False	False
25	4594374	AskReddit	40631036801	https://www.reddit.com/r/AskReddit/comments/xaxt9t/_/inyo4n5/	2013757553	40630872850.0	2022-09-11 08:11:32	1438490255036.0	bemi_san	It can do, depending on the bra. Some have special inserts in the cup that can be damaged which stops it sitting flat and go a funny shape, you can also damage the stitching where the strap joins the cup because you're over-stretching it.	68	0	44	0	False	False
26	4594374	AskReddit	40631453516	https://www.reddit.com/r/AskReddit/comments/xaxt9t/_/inyx26k/	2013757553	40631447005.0	2022-09-11 10:14:08	70431450.0	LudoVicoHeard	"No, it shows you can't attract or keep a decent man. I Thought that was pretty obvious.

Same energy as incels complaining about women. Glad I could clear it up anyway."	-6	1	31	0	False	True
27	4594374	AskReddit	40636776636	https://www.reddit.com/r/AskReddit/comments/xaxt9t/_/io235j0/	2013757553	40636767700.0	2022-09-11 23:36:52	22222068.0	TEG_SAR	"No? Why are you so bad at this. 

Youâ€™re unoriginal and lame. Next youâ€™re gonna tell me itâ€™s a joke not a dick so donâ€™t take it too hard?"	1	0	29	0	False	True
28	3949442	politics	28408569595	https://www.reddit.com/r/politics/comments/4drrgq/_/d1tq8l7/	264995018	28408562492.0	2016-04-07 16:44:33		GreenFireBerns	"It's OK though.

She's on record now for promising never to deport another illegal immigrant.  Ever."	2	0	16	0	False	True
29	4714311	Xiaomi	38780590073	https://www.reddit.com/r/Xiaomi/comments/s7rrmp/_/htcymt5/	1706105761		2022-01-19 19:48:55	1391442267404.0	HK416Enjoyer	"Go for it
I've had mine for a month and as a self-proclaimed power user I'm really happy with it and it didn't even cost all that much"	1	0	28	0	False	True
30	4685587	shittyama	38856308841	https://www.reddit.com/r/shittyama/comments/seskl0/_/hum1js9/	1717900596	38856245636.0	2022-01-28 18:04:03	184515800265.0	smellygymbag	That sounds suspiciously like something a vegan would say..	3	0	9	0	False	False
31	143741460	VALORANT	42966729015	https://www.reddit.com/r/VALORANT/comments/14poopq/_/jqla4af/	2461789214	42966712770.0	2023-07-04 03:32:54	630978073239.0	TheRadicalJay	Yeah, if iâ€™m not doing too good on a specific day i would stay back, and get info for the team too	3	0	22	0	False	False
32	4607607	Louisiana	43145323240	https://www.reddit.com/r/Louisiana/comments/159i6yr/_/jtjm0h4/	2495078595	43138704593.0	2023-07-26 16:52:01	16162413.0	achilles84	"For those now fearful of driving across the LC bridge, allow me to greatly compound that fear. In the U.S. generally, almost 8% of all bridges are structurally deficient and, more alarming, about ONE THIRD of bridges need repair or replacement, including one third of interstate bridges. If that doesnâ€™t sound like a crisis, consider this: to fix only those bridges that are structurally deficient (ignoring the other repair/replace, at great risk), it would take almost 70 years and 54 billion dollars. Of course, in that time, imagine how many will be further damaged. (See the following, though many sources exist: https://artbabridgereport.org/)

We have an infrastructure CRISIS. It isnâ€™t politically sexy and the problems are mostly invisible (for now). Add in the cost and labor, and it is easy to see why those in charge turn a blind eye. It is almost guaranteed that there will be catastrophic failure of multiple bridges before anyone is motivated to act. 

If youâ€™re still complacent, go ahead and look into the state of sewers, dams, and other major infrastructure. Itâ€™s all crumbling and not much is being done to address it. Good luck out there."	1	0	192	0	False	True
33	4595845	motorcycles	27377347458	https://www.reddit.com/r/motorcycles/comments/2hddnp/_/ckrrkhu/	150110053	27377331004.0	2014-09-25 00:58:58		Valos01	"They've already ordered in a new fairing so I might as well go through with it. I did specifically say that I dont want scratches on parts that aren't being replaced buffed out. I like that my bike has character now.

And yeah, it was a stupid decision on my part. I guess I konda panicked :/"	1	0	57	0	False	True
34	4647503	intel	34303941860	https://www.reddit.com/r/intel/comments/gnsrdx/_/frboixw/	1007431845	34303915915.0	2020-05-21 08:26:32	65542294.0	SmokeOnTheGround	Fire extinguisher... you know... just in case	102	0	7	0	False	False
35	4674986	shroomery	41648393812	https://www.reddit.com/r/shroomery/comments/10epaql/_/j4sdmc4/	2201477277		2023-01-17 22:46:15	524265298505.0	notfoursaleALREADY	"You have some kind of contamination or your substrate is way out of wack concerning nutrition or moisture content. 

Generally speaking, if you didn't royally screw up going to bulk substrate from grain, you have some contaminant. Does it smell like anything besides mycelium and your substrate?"	1	0	47	0	False	True
36	4613843	Accounting	30307168964	https://www.reddit.com/r/Accounting/comments/8bmow9/_/dx83t8k/	503263881	30307127308.0	2018-04-12 03:32:15		Aycoth	The one who you communicate more with, duh.	100	0	8	0	False	False
37	5215707	trashyboners	30354649721	https://www.reddit.com/r/trashyboners/comments/8f0h5h/_/dy0dhmh/	508945877		2018-04-26 16:49:59		audiokollaps	Scene, you guys and your dumb labels.	-1	0	7	0	False	False
38	4594335	entertainment	40284502056	https://www.reddit.com/r/entertainment/comments/wbes7o/_/ii8coq0/	1954083156	40284371190.0	2022-07-30 07:09:30	64585947.0	rob-c	It was aimed more at everyone on here complaining about their air travel experiences.	2	0	14	0	False	False
39	167482350	LEGOfortnite	44530841176	https://www.reddit.com/r/LEGOfortnite/comments/18zby96/_/kggigyg/	2719855914	44530815497.0	2024-01-05 17:24:35	64325885014059.0	Boring-Conference-97	"This is the way. 

Glide forever. Never worry anymore."	1	0	9	0	False	True
40	4631985	buffalobills	44681606758	https://www.reddit.com/r/buffalobills/comments/19cfd6l/_/kiy9wfa/	2741850237	44681593447.0	2024-01-21 22:14:47	1096332223805.0	lytrendsa	both	4	0	1	0	False	False
41	5164145	IndianDefense	42000841840	https://www.reddit.com/r/IndianDefense/comments/11ebibq/_/jam7sz4/	2261300102	41991941072.0	2023-03-02 13:00:18	3949692.0	sanman	Since when has China not been a dictatorship? It's always been a dictatorship. Army swears allegiance to CCP, not the people. Xi has always been a dictator. China is a nuclear-armed power, and is in the process of upsizing its nuclear arsenal. Nobody's going to bomb them into the Stone Age - not without being bombed back. Remember, Chinese have bombers with missiles that can reach continental USA. They are also in the process of acquiring Pacific island bases closer to USA. Fighting them would not be easy.	2	0	88	0	False	False
42	4738505	dataisbeautiful	42051373665	https://www.reddit.com/r/dataisbeautiful/comments/11l31kd/_/jbgavkx/	2272662445	42051047383.0	2023-03-08 20:59:43	66442563.0	csjerk	Not true! You give a shit, otherwise you wouldn't be melting down like a 5-year-old.	1	0	15	0	False	False
43	5908284	FireEmblemHeroes	30450815663	https://www.reddit.com/r/FireEmblemHeroes/comments/8m8fkq/_/dzlmnqn/	521074394	30450808207.0	2018-05-26 07:09:55		Hunting1208	"No I think mine was caused by the going to the main menu the moment the reset happened.

Just to fill Occam's razorÂ is it possible you didn't check the rewards until just before the reset?"	1	0	36	0	False	True
44	4901653	controversialiama	30451825942	https://www.reddit.com/r/controversialiama/comments/8lcxac/_/dzm8b9y/	519604356	30448390828.0	2018-05-26 17:13:17		appropriate-username	Removed two comments of yours, no insults.	1	0	7	0	False	False
45	4595402	nyc	27517525094	https://www.reddit.com/r/nyc/comments/2q325r/_/cn38292/	164745135	27516543586.0	2014-12-23 13:24:19		mship	"Its right in he's backyard. It's not like that shot is trucked and then shipped on a boat, hunderd or thousands of miles from where he lives.

Come on man."	2	0	30	0	False	True
46	4748068	Pathfinder_RPG	34920378836	https://www.reddit.com/r/Pathfinder_RPG/comments/i9zuj9/_/g1iowr8/	1105180245	34920329777.0	2020-08-15 03:36:00	31112436.0	Rytarius	That's what I was starting to think after some digging and didn't see that he had another Post.	2	0	18	0	False	False
47	4594456	movies	37353241648	https://www.reddit.com/r/movies/comments/onbw98/_/h5r5lps/	1490374412	37352736738.0	2021-07-19 14:10:10		[deleted]	"Yup.  As Dr. Tyson said in one of his talks, ""Any technology that can turn another planet into Earth will also turn Earth back into Earth."""	1	0	26	0	False	False
48	4862740	NoStupidQuestions	37374864909	https://www.reddit.com/r/NoStupidQuestions/comments/op5sgy/_/h6412bx/	1493448802	37374785060.0	2021-07-22 10:30:07	369228387971.0	flight451	"Dogs love it. Their entire reward system is human driven. Dogs need a purpose. Working dogs (who are treated well, of course) are the happiest I've ever met high an extremely high quality of life.
You're applying human to another species. Dogs arnt humans, they don't need a mental day, they have no notion of consent. If they are treated well, loved and cared for, that's all they need. What's harmful to the dog is the opposite, when they're left at home alone all day with no stimulation."	20	0	88	0	False	True
49	4982667	NoFapChristians	37416992567	https://www.reddit.com/r/NoFapChristians/comments/osytvg/_/h6t408n/	1499842492		2021-07-28 08:25:40	263819341476.0	kasumithestarhawk090	God be with you pal ðŸ™	2	0	6	0	False	False
50	4823688	gofundme	39594794383	https://www.reddit.com/r/gofundme/comments/ufd9p9/_/i6tpuvj/	1839798621		2022-04-30 19:47:15	67146987.0	ifarminpover-t	The struggle is real :/ I really hope you get the assistance you need and reach your goal in time!   I am going to donate, if you remember when you can, Iâ€™d love for you to check out my campaign (after youâ€™ve reached your goal) and maybe give it a boost by sharing it on your own social media or following us as even that can help boost our SM presence :) all the best	2	0	75	0	False	False
51	4600724	MMORPG	43518359158	https://www.reddit.com/r/MMORPG/comments/16ck3dj/_/jzppgty/	2560672279	43518347995.0	2023-09-08 19:11:12	24703188825164.0	Cookies98787	"> No. You couldn't. You had to pay some attention to what you were doing.
> 
> 

no, you didnt. just like TBC heroic.

slow. not hard.

> modern MMOs you can sleepwalk through most things,

a trope commonly repeated by people suffering from nostalgia, too old and unable to do modern content."	1	0	53	4	False	True
52	4803564	Overwolf	36400712449	https://www.reddit.com/r/Overwolf/comments/kmmgye/_/gq01lhd/	1247323478	35883645535.0	2021-03-06 19:21:50	585724903396.0	Dispare76	Nothing to be paranoid bout. The people on WoW are cancerous at best and toxic at worst, so what they say can be mostly ignored. and as bug said, people are just afraid of change or salty about needing to get a new launcher, I was the same myself, Until i realized it's just a reskinned twitch launcher without the annoying streamer crap on the front.	1	0	66	0	False	False
53	4594380	aww	36528273377	https://www.reddit.com/r/aww/comments/mceekj/_/gs3zo4h/	1351083331	36527996508.0	2021-03-24 23:36:08	195818766173.0	Fr0me	"*""Tina stop creeping on me. GOSH!""*"	16	0	6	0	False	False
54	4595804	soccer	28017695159	https://www.reddit.com/r/soccer/comments/3m6a8v/_/cvd0fxz/	218643295	28017684340.0	2015-09-24 21:01:00		riomx	Haha. Some people just can't handle being informed about misuse of language. Anyway, carry on.	0	0	15	0	False	False
55	4594491	conspiracy	38441684944	https://www.reddit.com/r/conspiracy/comments/rbxks2/_/hnr6pxs/	1652629106	38441638753.0	2021-12-08 19:24:31	475244310332.0	PrinceJau	"ðŸ˜‚ðŸ˜‚ sure kiddo! Keep making things up

That reaction really makes it seem like youâ€™re telling the truth ðŸ˜‰"	-1	1	19	0	False	True
56	4922054	AmItheAsshole	38499707625	https://www.reddit.com/r/AmItheAsshole/comments/rhc1nf/_/hopqcix/	1661702235	38499702046.0	2021-12-16 00:07:39	965176343326.0	ToastylilToast	So that makes it okay?	1	0	5	0	False	False
57	4597828	memes	38610072038	https://www.reddit.com/r/memes/comments/rryawt/_/hqjfu92/	1679536829	38610063213.0	2021-12-30 12:38:09	287896931830.0	Id_like_to_say_e	"you gotta open that ""_"""	5	0	5	0	False	False
58	4750204	learndota2	27300944397	https://www.reddit.com/r/learndota2/comments/2cqrls/_/cji9zil/	142336576	27300883429.0	2014-08-06 05:34:01		arcisal	"There are several ways to play Sniper.

You get MoM basically to get more headshots off. This also involves you actually leaving the lane and killing heroes. While its not such a bad idea, you're just delaying your more important items (in my humble opinion). 

I prefer to go Treads &gt; Aquilla &gt; Maelstorm. People say that you get Phase on him so that you can reposition yourself easily, but I prefer to ability to tread switch to get that extra Assassinate off or the extra tankiness and attack speed. Aquilla is a great early game item that allows you to stay in lane with its regen and solves your crap base damage. Maelstrom procs help you farm as well and can be upgraded to a Mjolnir later on which is way more relevant.

I get Blink sometimes but I find its too gimmicky for me. Yes its great and all for escaping, but that is provided you see them before they're on you. "	1	0	164	2	False	True
59	4707253	shittyaskscience	28091814435	https://www.reddit.com/r/shittyaskscience/comments/3r3i1f/_/cwl52qr/	226911507	28091430407.0	2015-11-02 02:29:57		PlCKLES	"I've never heard of free-range Christs and if you've ever seen the conditions in which Christs are raised for eucharist meat, you'd probably swear off it for good. They keep the Christs hanging on wooden posts 24/7 with wounds that are left bleeding. I've also heard that one of the eleven secret herbs and spices is ""suffering"", which priests say makes the Christ meat extra tender and juicy."	2	0	68	0	False	False
60	4601315	pokemon	38270546614	https://www.reddit.com/r/pokemon/comments/qvl1c7/_/hkxamra/	1625170183	38270462091.0	2021-11-17 00:25:52	359135127497.0	Seanzietron	Ohhhh! Did not know that! Good to know. Thatâ€™ll help me on one of my future gimmick runs. Ty!	3	0	19	0	False	False
61	4687237	pcmasterrace	28265913629	https://www.reddit.com/r/pcmasterrace/comments/437exq/_/czgsmjh/	247249502	28265844056.0	2016-01-29 20:21:52		cespes	"&gt;Try your hardest to see the other side.

You mean that thing you're not doing? Lol. Resorting to insults and pretending to be too good to discuss this are just more signs that you lost this argument and you know it. I pity you."	1	0	44	1	False	True
62	59876393	ToppsMarvelCollect	39753460329	https://www.reddit.com/r/ToppsMarvelCollect/comments/utc1fw/_/i9g6max/	1863255884	39750936773.0	2022-05-21 13:47:48	1560129004766.0	usueurmen	your grandparents are too	2	0	4	0	False	False
63	4635542	OkCupid	27809677991	https://www.reddit.com/r/OkCupid/comments/38qjsr/_/crx5wvb/	196074171	27809578830.0	2015-06-06 02:24:48		itisisidneyfeldman	That's an important insight to have about yourself. Don't sweat it too much, but pay attention to how you react to different types of people. Good luck.	1	0	27	0	False	False
64	4913586	xboxone	27830944651	https://www.reddit.com/r/xboxone/comments/3a6kdg/_/cs9tqbv/	198501028	27830940927.0	2015-06-17 18:30:43		cwhite8410	Yeah it made landing and getting into and out of stations so much easier. Once I'm lined up I click the left stick in and yaw to adjust the whole way in. Keeps me flat through the slot.	1	0	38	0	False	False
65	5743649	uErasmus	42499834642	https://www.reddit.com/r/uErasmus/comments/134iyka/_/jivayaa/	2365783930	42499207572.0	2023-05-04 19:21:46	1216209788158.0	Dry-Cartographer-604	sure	1	0	1	0	False	False
66	4685394	modelmakers	36001980554	https://www.reddit.com/r/modelmakers/comments/ky7t3k/_/gjendze/	1266794768		2021-01-16 01:12:59	434844507786.0	blatherskyte69	Yep, YouTube is your friend. Look up tutorials for painting minis. The concepts are the same as scale figures.  Also check out r/minipainting	2	0	23	0	False	False
67	4785093	AssholeBehindThong	36026782986	https://www.reddit.com/r/AssholeBehindThong/comments/l06313/_/gjteznu/	1270073559	36023928488.0	2021-01-19 10:13:08	748912249493.0	GirlLolla	hehe good :)	1	0	3	0	False	False
68	5242519	amexcanada	40824150025	https://www.reddit.com/r/amexcanada/comments/xw0853/_/ir5n7rd/	2049142071	40821703343.0	2022-10-05 14:52:28	430160716796.0	Nameless11911	Thanks didnâ€™t know they take Amex	2	0	6	0	False	False
69	308165032	EscapingPrisonPlanet	42829492761	https://www.reddit.com/r/EscapingPrisonPlanet/comments/14ad4hn/_/jobko49/	2436055547	42828997884.0	2023-06-16 06:28:55	86745276461.0	k3v1n0123	Its wonderful to be here, its definitely a thrill,  you're such a lovely audience!	6	0	14	0	False	False
70	4603564	nba	28509767367	https://www.reddit.com/r/nba/comments/4krp69/_/d3hz9af/	276749361	28508622083.0	2016-05-24 17:56:02		smoke4sanity	That building was so damna loud that being just one row away wouldn't lead to being able to be loud enough to disrupt communications.	1	0	24	0	False	False
71	4594370	videos	28725855509	https://www.reddit.com/r/videos/comments/505v6r/_/d72mryt/	302604579	28725841652.0	2016-08-30 14:41:52		Oafah	Apparently it does.	1	0	3	0	False	False
72	4594370	videos	28724017087	https://www.reddit.com/r/videos/comments/505v6r/_/d71jdfj/	302604579	28723982346.0	2016-08-29 18:41:26		68regalager86	But even if it was... it still doesn't make sense? Why would he call Curly a spaniard?	-3	1	17	0	False	False
73	4793389	Affairs	34782528562	https://www.reddit.com/r/Affairs/comments/hxq74z/_/fz8masy/	1084574627	34782428876.0	2020-07-25 21:18:18	408536570404.0	fhorn91	Yeah I found out. It's easier to count the number of true ones than fakes...	1	0	15	0	False	False
74	32154836	EsfandTV	41274154035	https://www.reddit.com/r/EsfandTV/comments/z9zglz/_/iylkd2r/	2133087191		2022-12-02 07:54:20	1022322679311.0	_lukealicious_	This is like the first clone from Multiplicity	1	0	8	0	False	False
75	4773825	workgonewild	41300822810	https://www.reddit.com/r/workgonewild/comments/zdgltj/_/iz1fyu2/	2138925943		2022-12-05 19:38:35	348862930759.0	Office_Daddy	Iâ€™d love to get you as a gift.	1	0	8	0	False	False
76	4678859	KitchenConfidential	41340842044	https://www.reddit.com/r/KitchenConfidential/comments/zhwzv3/_/izp9pvg/	2146409103	41340130291.0	2022-12-10 20:40:56	888611969407.0	tomatojournal	Sysco but you need to order something else and hope	20	0	10	0	False	False
77	4596141	hockey	41435545298	https://www.reddit.com/r/hockey/comments/zsmnu0/_/j19njde/	2164402728	41435524569.0	2022-12-22 18:12:24	2034533018871.0	TheDisco3	"You think I would have known that with how that entire loser fan base never shuts the fuck up about it.  
  
  
 Name calling is always a sign of a loser. And that's the worst name calling I've seen on r/hockey. Congrats. You won something for once."	0	0	46	0	False	True
78	4773760	mildlyinfuriating	41496543371	https://www.reddit.com/r/mildlyinfuriating/comments/zz63br/_/j29yxsb/	2175386967	41496033758.0	2022-12-30 18:42:31	591115901740.0	ATR2002	Was the cream warm?	1	0	4	0	False	False
79	4595804	soccer	36872696997	https://www.reddit.com/r/soccer/comments/na2xmk/_/gxt1v39/	1407655100	36869569651.0	2021-05-12 02:13:23	10977720.0	Grungemaster	Lukaku plainly said heâ€™d like to play in Italy, the season before he left for Inter.	5	0	16	0	False	False
80	4605594	starcraft	35162134657	https://www.reddit.com/r/starcraft/comments/itzrob/_/g5imkqp/	1138768859	35160769810.0	2020-09-16 21:45:26	343672077067.0	HondaFG	Well, obviously. Doesn't mean I have to like everything he has to say.	4	1	13	0	False	False
81	53097121	UTsnow	35213287795	https://www.reddit.com/r/UTsnow/comments/iyk6as/_/g6d2yr7/	1146439396		2020-09-23 22:13:29	361132309034.0	SauceyMcSauceySauce	Pow mow it is this season.	2	0	6	0	False	False
82	4683448	Radiation	44068520101	https://www.reddit.com/r/Radiation/comments/17ssigj/_/k8t9bqd/	2648405107	44068475105.0	2023-11-11 17:53:53	44705109848138.0	Big-Tell-1947	You mean in 0.10 usv/hr? Because 0.1 seems to low	-2	0	10	0	False	False
83	4594548	Christianity	27614476250	https://www.reddit.com/r/Christianity/comments/2w4xjf/_/cooy28q/	174910155	27614438903.0	2015-02-18 05:03:46		gtfooh1011	All is forgiven, brother/sister. May peace and the Holy Spirit be upon you.	-1	0	13	0	False	False
84	4923163	aoe4	40382981161	https://www.reddit.com/r/aoe4/comments/wliinr/_/ijuzfop/	1971053559		2022-08-11 14:22:42	29304260.0	eh_Debatable	"""I dont like the standard game mode options"" 

Dont worry! You can always play custom games."	2	0	16	0	False	True
85	4594619	malaysia	36657289314	https://www.reddit.com/r/malaysia/comments/mpaxb9/_/gu8sxgi/	1372756005		2021-04-12 11:45:57	42302957.0	hyattpotter	Hello! Do ask this in the Daily Thread as quick questions go there, thanks! FYI if you're new to r/Malaysia, the daily random thread is the top sticky post when you click into the subreddit. It gets automatically refreshed every day.	1	0	41	0	False	False
86	41777197	Cringetopia	36677138358	https://www.reddit.com/r/Cringetopia/comments/mqxuya/_/gukmd2u/	1375505650	36677120498.0	2021-04-15 04:43:06	435126935071.0	CheeseKiller66	I see. Thanks for clarifying	2	0	5	0	False	False
87	4678677	criterion	43206504217	https://www.reddit.com/r/criterion/comments/15ginf0/_/juk1c0p/	2506857228		2023-08-03 00:52:43	18503005.0	cdreyes87	nice pick ups. I bought all of those movies this sale except for night of the living dead and safety last.	1	0	21	0	False	False
88	265767123	BWCbigwhitecocks	43398313902	https://www.reddit.com/r/BWCbigwhitecocks/comments/160m6wp/_/jxq8hbi/	2540614777		2023-08-25 18:34:35	50031406947403.0	may-i-touchit-pls	"
great post."	1	0	2	0	False	True
89	4687226	streetwear	28039713162	https://www.reddit.com/r/streetwear/comments/3nhkn7/_/cvq4d56/	220849603	28036470617.0	2015-10-06 14:51:20		eiqht	bro just look man its fake 	1	0	6	0	False	False
90	5125437	insideJorahshead	27952606240	https://www.reddit.com/r/insideJorahshead/comments/3hsl5h/_/cua9d0g/	211285781	27952542829.0	2015-08-21 02:55:52		KRAy_Z_n1nja	I thought it was actually Theon for a sec	28	0	9	0	False	False
91	4675745	AdviceAnimals	28772923601	https://www.reddit.com/r/AdviceAnimals/comments/53ij0b/_/d7unlxt/	308234171	28772593187.0	2016-09-20 15:08:03		EditorialComplex	She's not even the most corrupt person in the race.	0	0	10	0	False	False
