"ak","annotation_id","annotator","author","author_id","body","controversiality","created_at","created_utc","ct","dd","depth","fm","id","im","is","jc","lead_time","link_id","mc","md","parent_comment_id","pd","permalink","score","set","subreddit","subreddit_id","updated_at"
"[{""rating"":1}]",2095,"2","theas14",504674559743.0,"Yeah itâ€™s definitely a tricky situation and I donâ€™t think anybody here is fully right or wrong! I think itâ€™s ok to name how you felt to your mom. Your feelings are still valid in the same way that hers are. The best case scenario is both walk away understanding the each other a little bit better!",0,"2024-05-22T17:40:53.154173Z","2023-01-31 01:50:12","[{""rating"":1}]","[{""rating"":1}]",3,"[{""rating"":1}]",41756941109,"[{""rating"":1}]","[{""rating"":1}]","[{""rating"":1}]",89.866,2219653779,"[{""rating"":1}]","[{""rating"":1}]",41756543251,"[{""rating"":3}]","https://www.reddit.com/r/AmItheAsshole/comments/10pivtf/_/j6l05yt/",1,"aita_3","AmItheAsshole",4922054,"2024-05-22T17:40:53.154192Z"
"[{""rating"":1}]",2097,"2","Permit-Extreme-117",764246289502.0,"They aren't right. You receive a service, and you're allowed to post a review regarding that service. If this lady didn't think your nails/her work was crap, she wouldn't have a issue with your post.

It's time to update your post to say you don't recommend this lady or her work, and she has since contacted you and insulted you, your nails and stated she did a crap job because of the ""state of your nails"".

As others have stated, a good professional in this field can work with any length nails. She's rude and unprofessional, and you should advice people of her attitude and professional limitations.",0,"2024-05-22T17:43:49.846267Z","2021-03-28 11:49:03","[{""rating"":1}]","[{""rating"":1}]",3,"[{""rating"":1}]",36556280766,"[{""rating"":1}]","[{""rating"":1}]","[{""rating"":1}]",244.53000000000003,1355383372,"[{""rating"":1}]","[{""rating"":1}]",36556034379,"[{""rating"":1}]","https://www.reddit.com/r/AmItheAsshole/comments/meyki4/_/gsknyri/",239,"aita_3","AmItheAsshole",4922054,"2024-05-23T04:38:36.880371Z"
"[{""rating"":1}]",2105,"2","Haskap_2010",624046113728.0,"Are you forgetting that the only reason he had just 15 years was because she kicked him out of the house at that age? Do you really think that such rigid bigoted people were good parents in the 15 years leading up to throwing an underage kid out of the house?

LW doesn't say anything about her apologizing for doing that, only demanding to see her grandchild.",0,"2024-05-22T17:48:43.504795Z","2020-09-07 23:15:58","[{""rating"":1}]","[{""rating"":1}]",3,"[{""rating"":1}]",35093904641,"[{""rating"":1}]","[{""rating"":1}]","[{""rating"":1}]",372.878,1129095463,"[{""rating"":1}]","[{""rating"":1}]",35093866921,"[{""rating"":1}]","https://www.reddit.com/r/AmItheAsshole/comments/io8fmv/_/g4e064h/",21,"aita_3","AmItheAsshole",4922054,"2024-05-23T04:40:07.912668Z"
"[{""rating"":1}]",2106,"2","seventhirtytwoam",382197823565.0,"My brother and I had to each cook dinner one night a week. The only rule was that it couldn't be the same meal every week. Taught us a lot of basics.",0,"2024-05-22T17:49:18.543299Z","2022-02-05 15:13:36","[{""rating"":1}]","[{""rating"":1}]",3,"[{""rating"":1}]",38922416977,"[{""rating"":1}]","[{""rating"":1}]","[{""rating"":1}]",34.388,1728629707,"[{""rating"":1}]","[{""rating"":1}]",38922143128,"[{""rating"":1}]","https://www.reddit.com/r/AmItheAsshole/comments/sl6j7v/_/hvpeh5d/",84,"aita_3","AmItheAsshole",4922054,"2024-05-22T17:49:18.543312Z"
"[{""rating"":1}]",2109,"2","Lush_ous",268828403032.0,"JESUS, I LET HIM BORROW THE SPARE SET OF SHEETS.",0,"2024-05-22T17:50:42.446925Z","2019-10-20 00:40:06","[{""rating"":1}]","[{""rating"":1}]",3,"[{""rating"":1}]",32914917656,"[{""rating"":1}]","[{""rating"":1}]","[{""rating"":1}]",83.625,820225309,"[{""rating"":1}]","[{""rating"":1}]",32914884656,"[{""rating"":1}]","https://www.reddit.com/r/AmItheAsshole/comments/dkc9wd/_/f4cox08/",60,"aita_3","AmItheAsshole",4922054,"2024-05-22T17:50:42.446937Z"
"[{""rating"":3}]",2111,"2","HachidoriBatafurai",188982010090.0,"Your parents are awesome! If you donâ€™t mind my asking, how are are you doing now? ( please feel free not answering this)",0,"2024-05-22T17:51:33.147644Z","2020-03-14 19:46:28","[{""rating"":1}]","[{""rating"":1}]",6,"[{""rating"":1}]",33891763679,"[{""rating"":1}]","[{""rating"":1}]","[{""rating"":1}]",63.548,938162114,"[{""rating"":1}]","[{""rating"":1}]",33891500582,"[{""rating"":1}]","https://www.reddit.com/r/AmItheAsshole/comments/fik2iq/_/fkia47z/",22,"aita_4-9","AmItheAsshole",4922054,"2024-05-23T08:25:11.379621Z"
"[{""rating"":1}]",2114,"2","Thelmara",54379701.0,"&gt; You have a very binary (and quite outdated) view of sex. 

No means no. The difference between consensual sex and rape is the consent.

&gt;Yeah, she is consenting by not stopping them, but that does not change how she feels after the fact.

Consenting to things and then feeling bad afterward doesn't make it non-consensual.

Your girlfriend is responsible for enforcing her boundaries.  If she's going along with these activities you disagree with, she's responsible for that decision.

&gt;We simply do not act the same when we are in our most passionate moments.

And you think some ink on the page is going to change anything?  Why not just have _her_ sign the agreement then?",0,"2024-05-22T17:55:23.304666Z","2022-09-23 21:20:04","[{""rating"":1}]","[{""rating"":1}]",7,"[{""rating"":1}]",40732637357,"[{""rating"":1}]","[{""rating"":1}]","[{""rating"":3}]",263.64599999999996,2032752115,"[{""rating"":1}]","[{""rating"":1}]",40732605425,"[{""rating"":1}]","https://www.reddit.com/r/AmItheAsshole/comments/xm8xkj/_/ipn5s4t/",1,"aita_4-9","AmItheAsshole",4922054,"2024-05-23T04:41:12.804012Z"
"[{""rating"":1}]",2131,"2","Fair_Caregiver5533",620306921710.0,"Yea Iâ€™m trying to get a therapy session going but with Covid itâ€™s a bit difficult. Regarding this situation, I would say neither of us are in the wrong but if we were to compare like that then Iâ€™d say Iâ€™m in the wrong more simply for the fact that, like you said, I still havenâ€™t â€œprovenâ€ myself to be better. I was just put off and kind of offended by his remark during it because it felt like he was attacking me when I had good intentions. It is what it is and I just have to fix my shit is all.",0,"2024-05-22T18:01:19.125974Z","2020-10-05 01:04:10","[{""rating"":1}]","[{""rating"":1}]",4,"[{""rating"":1}]",35296688477,"[{""rating"":1}]","[{""rating"":1}]","[{""rating"":1}]",229.444,1157090135,"[{""rating"":1}]","[{""rating"":1}]",35296543100,"[{""rating"":3}]","https://www.reddit.com/r/AmItheAsshole/comments/j4wggn/_/g7qqj4t/",1,"aita_4-9","AmItheAsshole",4922054,"2024-05-22T18:01:19.125986Z"
"[{""rating"":1}]",2133,"2","UsernameUnremarkable",1101731725568.0,"YTA and so is your Dad. You inherited everything and your brother nothing. Give him the necklace.",0,"2024-05-22T18:02:08.799707Z","2022-12-16 03:21:28","[{""rating"":1}]","[{""rating"":1}]",5,"[{""rating"":1}]",41383894615,"[{""rating"":1}]","[{""rating"":1}]","[{""rating"":1}]",49.394,2154605228,"[{""rating"":1}]","[{""rating"":1}]",41381163928,"[{""rating"":1}]","https://www.reddit.com/r/AmItheAsshole/comments/zmso18/_/j0ewhg7/",3,"aita_4-9","AmItheAsshole",4922054,"2024-05-22T18:02:08.799719Z"
"[{""rating"":1}]",2136,"2","georgettaporcupine",58658391.0,"mostly her, i'm not gonna lie! :)",0,"2024-05-22T18:03:36.255869Z","2020-11-11 00:34:13","[{""rating"":1}]","[{""rating"":1}]",5,"[{""rating"":1}]",35547266248,"[{""rating"":1}]","[{""rating"":1}]","[{""rating"":1}]",87.115,1194690761,"[{""rating"":1}]","[{""rating"":1}]",35545306931,"[{""rating"":1}]","https://www.reddit.com/r/AmItheAsshole/comments/jradah/_/gbvxa6g/",20,"aita_4-9","AmItheAsshole",4922054,"2024-05-22T18:03:36.255881Z"
"[{""rating"":1}]",2140,"2","teaandtalk",68596482.0,"I think almost everyone is looking for that feeling of belonging, of having 'a place'. It's just easier to think ""I don't belong because I'm not related to these people"" than ""life is messy and people are complex"".",0,"2024-05-22T18:06:34.497847Z","2019-05-11 10:59:16","[{""rating"":1}]","[{""rating"":1}]",5,"[{""rating"":1}]",31872234474,"[{""rating"":1}]","[{""rating"":1}]","[{""rating"":2}]",177.926,704064210,"[{""rating"":1}]","[{""rating"":1}]",31871632722,"[{""rating"":1}]","https://www.reddit.com/r/AmItheAsshole/comments/bn6jf6/_/en3wlii/",2,"aita_4-9","AmItheAsshole",4922054,"2024-05-22T18:06:34.497861Z"
"[{""rating"":1}]",2143,"2","jujoking",639792668627.0,"Because the point that person was trying to make make no sense in using the *sarcasm* font and just came across as childish and petty, get it now? Thatâ€™s how it read from my side. They refused to acknowledge how going high to a job, no matter if legally or not, is, indeed, impairing. One, is, however, legal.",0,"2024-05-22T18:08:10.414445Z","2021-04-03 14:13:34","[{""rating"":1}]","[{""rating"":1}]",14,"[{""rating"":1}]",36596972215,"[{""rating"":1}]","[{""rating"":1}]","[{""rating"":1}]",137.832,1361711540,"[{""rating"":1}]","[{""rating"":1}]",36596958620,"[{""rating"":1}]","https://www.reddit.com/r/AmItheAsshole/comments/miq7ck/_/gt8w4hj/",1,"aita_10-19","AmItheAsshole",4922054,"2024-05-23T04:43:32.649919Z"
"[{""rating"":1}]",2145,"2","My_Dramatic_Persona",126398286974.0,"Yeah, I entirely agree with you there.",0,"2024-05-22T18:08:22.691745Z","2020-09-10 04:05:55","[{""rating"":1}]","[{""rating"":1}]",10,"[{""rating"":1}]",35108027199,"[{""rating"":1}]","[{""rating"":1}]","[{""rating"":1}]",12.004,1131732062,"[{""rating"":1}]","[{""rating"":1}]",35108006256,"[{""rating"":1}]","https://www.reddit.com/r/AmItheAsshole/comments/ipsy1q/_/g4mev5r/",2,"aita_10-19","AmItheAsshole",4922054,"2024-05-22T18:08:22.691787Z"
"[{""rating"":1}]",2152,"2","TotallyWonderWoman",323504827596.0,"You know, I expected something bad, but I didn't expect him to say he has [weekly dinners](https://www.reddit.com/r/AmItheAsshole/comments/umjs1s/aita_for_defending_my_friend_and_saying_my_wife/i83mh6g?utm_medium=android_app&amp;utm_source=share&amp;context=3) with Madison and her ex and calls that a ""non-negotiable"" and has threatened to DIVORCE JESSICA IF SHE'S UNHAPPY WITH THESE WEEKLY DINNERS.",0,"2024-05-22T18:12:58.799566Z","2022-05-11 00:47:29","[{""rating"":1}]","[{""rating"":1}]",10,"[{""rating"":1}]",39673331381,"[{""rating"":1}]","[{""rating"":1}]","[{""rating"":1}]",297.319,1851859648,"[{""rating"":1}]","[{""rating"":1}]",39672133084,"[{""rating"":1}]","https://www.reddit.com/r/AmItheAsshole/comments/umjs1s/_/i84h6et/",54,"aita_10-19","AmItheAsshole",4922054,"2024-05-23T04:44:01.578612Z"
"[{""rating"":1}]",2155,"2","KnitAlien77",384369905652.0,"Man, if we're going by the theory of chopping stuff off, I should've lost a breast this morning. Toddler crawled into bed with me some time last night. Must've had a very full diaper, cause when I woke up not only were the sheets peed on, but my top, my sports bra and on me. Thank goodness for the mattress cover saving the mattress lol

I just scooped up all the peed on stuff once she woke up, and off to the wash. 

It's just pee. Whatever. After having a kid, the ick factor of having bodily fluids, or occasionally solids, getting on you wears right off.",0,"2024-05-22T18:16:22.765875Z","2022-01-14 05:34:33","[{""rating"":1}]","[{""rating"":1}]",10,"[{""rating"":1}]",38734230196,"[{""rating"":1}]","[{""rating"":1}]","[{""rating"":3}]",297.693,1698292461,"[{""rating"":1}]","[{""rating"":1}]",38730570107,"[{""rating"":1}]","https://www.reddit.com/r/AmItheAsshole/comments/s34aul/_/hslczas/",4,"aita_10-19","AmItheAsshole",4922054,"2024-05-23T08:30:26.316702Z"
"[{""rating"":1}]",2158,"2","i_drink_memes_",1154232273367.0,"Because we go to the same school and have the some of the same classes.",0,"2024-05-22T18:16:49.932722Z","2022-12-19 20:25:20","[{""rating"":1}]","[{""rating"":1}]",2,"[{""rating"":1}]",41412401430,"[{""rating"":1}]","[{""rating"":1}]","[{""rating"":1}]",23.085,2160096504,"[{""rating"":1}]","[{""rating"":1}]",41412391408,"[{""rating"":1}]","https://www.reddit.com/r/AmItheAsshole/comments/zq2d4o/_/j0vvhg6/",1,"aita_2","AmItheAsshole",4922054,"2024-05-22T18:16:49.932735Z"
"[{""rating"":1}]",2159,"2","spacecadetglow613",445452972158.0,"Agreed^ donâ€™t get sucked more into it than that",0,"2024-05-22T18:17:34.627419Z","2022-01-12 23:55:42","[{""rating"":1}]","[{""rating"":1}]",2,"[{""rating"":1}]",38723740878,"[{""rating"":1}]","[{""rating"":1}]","[{""rating"":1}]",33.69,1697376649,"[{""rating"":1}]","[{""rating"":1}]",38723710308,"[{""rating"":1}]","https://www.reddit.com/r/AmItheAsshole/comments/s2ko7d/_/hsf45ou/",1,"aita_2","AmItheAsshole",4922054,"2024-05-22T18:17:34.627438Z"
"[{""rating"":1}]",2163,"2","Songwolves88",335251876391.0,"I was about to come and comment on the lack of ability to feel full because of a hormone, because I have that. And they have medicine that can help with it now. Its awful because my abdomen can be in actual pain from how much I've eaten, while my body SCREAMS to me that it needs more food. Other times I'm so hungry that even the abdominal discomfort doesnt happen but I eat 3x as much as I would normally because it feels like an empty hole in my stomach and nothing will fill it. Point being, lots of pain and very difficult to stop eating.

I didnt find out what was wrong until a few years after I became diabetic and mentioned it to a doctor, but my whole life I've had this issue. My family nickname was hungry, I heard the hi hungry I'm dad jokes plenty (which is not funny when you're in actual pain from needing food and your dad is making idiotic jokes), and my mom once had cps called from the school because I was always complaining that I was hungry. She had to show them full cupboards and accessable snacks to show I wasnt being starved.",0,"2024-05-22T18:20:02.801622Z","2022-06-23 21:37:57","[{""rating"":1}]","[{""rating"":1}]",2,"[{""rating"":1}]",39997358851,"[{""rating"":1}]","[{""rating"":1}]","[{""rating"":1}]",147.781,1906092267,"[{""rating"":1}]","[{""rating"":1}]",39993361685,"[{""rating"":1}]","https://www.reddit.com/r/AmItheAsshole/comments/viu67f/_/idhe7lv/",5,"aita_2","AmItheAsshole",4922054,"2024-05-22T18:20:02.801634Z"
"[{""rating"":1}]",2167,"2","heretoreadaita",1148905748042.0,"is there a time limit on being a victim?",0,"2024-05-22T18:20:30.152855Z","2021-11-06 07:04:44","[{""rating"":4}]","[{""rating"":1}]",2,"[{""rating"":1}]",38185785086,"[{""rating"":1}]","[{""rating"":1}]","[{""rating"":1}]",27.086,1609368749,"[{""rating"":1}]","[{""rating"":1}]",38169242097,"[{""rating"":1}]","https://www.reddit.com/r/AmItheAsshole/comments/qm6cvh/_/hjitwce/",2,"aita_2","AmItheAsshole",4922054,"2024-05-22T18:20:30.152867Z"
"[{""rating"":1}]",2171,"2","anzbrooke",80243842080.0,"My dad taught me zero financial skills, spoiled the shit out of me and then latched onto me emotionally by trying to control my every move as a young adult. My mother just drank and shopped until they had an ugly ass divorce a couple years ago. I responded by being so incredibly irresponsible that I have a record now (that Iâ€™m thankfully expunging most of) and a prior drug habit. But after I grew up a lot and my sonâ€™s death he stepped up, took me in, and is helping me piece together my life so that I can have the future I shouldâ€™ve had 5 years ago. OP needs to take responsibility for how he raised his children to have their habits and reactions. It didnâ€™t come from nowhere.",0,"2024-05-22T18:22:23.198832Z","2019-05-07 06:05:42","[{""rating"":1}]","[{""rating"":1}]",2,"[{""rating"":1}]",31848478368,"[{""rating"":1}]","[{""rating"":1}]","[{""rating"":1}]",142.204,701255847,"[{""rating"":1}]","[{""rating"":1}]",31846894212,"[{""rating"":1}]","https://www.reddit.com/r/AmItheAsshole/comments/blich3/_/emprf6o/",6,"aita_2","AmItheAsshole",4922054,"2024-05-23T04:46:17.960057Z"
"[{""rating"":1}]",2175,"2","HondaFG",343672077067.0,"Well, obviously. Doesn't mean I have to like everything he has to say.",1,"2024-05-22T18:24:11.753382Z","2020-09-16 21:45:26","[{""rating"":1}]","[{""rating"":1}]",3,"[{""rating"":1}]",35162134657,"[{""rating"":1}]","[{""rating"":1}]","[{""rating"":1}]",125.297,1138768859,"[{""rating"":1}]","[{""rating"":1}]",35160769810,"[{""rating"":1}]","https://www.reddit.com/r/starcraft/comments/itzrob/_/g5imkqp/",4,"random_sample_3","starcraft",4605594,"2024-05-23T04:46:37.083815Z"
"[{""rating"":1}]",2178,"2","Fr0me",195818766173.0,"*""Tina stop creeping on me. GOSH!""*",0,"2024-05-22T18:24:57.454804Z","2021-03-24 23:36:08","[{""rating"":1}]","[{""rating"":1}]",3,"[{""rating"":1}]",36528273377,"[{""rating"":1}]","[{""rating"":1}]","[{""rating"":1}]",45.35,1351083331,"[{""rating"":1}]","[{""rating"":1}]",36527996508,"[{""rating"":1}]","https://www.reddit.com/r/aww/comments/mceekj/_/gs3zo4h/",16,"random_sample_3","aww",4594380,"2024-05-22T18:24:57.454817Z"
"[{""rating"":1}]",2181,"2","flight451",369228387971.0,"Dogs love it. Their entire reward system is human driven. Dogs need a purpose. Working dogs (who are treated well, of course) are the happiest I've ever met high an extremely high quality of life.
You're applying human to another species. Dogs arnt humans, they don't need a mental day, they have no notion of consent. If they are treated well, loved and cared for, that's all they need. What's harmful to the dog is the opposite, when they're left at home alone all day with no stimulation.",0,"2024-05-22T18:26:37.983500Z","2021-07-22 10:30:07","[{""rating"":1}]","[{""rating"":1}]",3,"[{""rating"":1}]",37374864909,"[{""rating"":1}]","[{""rating"":1}]","[{""rating"":1}]",100.242,1493448802,"[{""rating"":1}]","[{""rating"":1}]",37374785060,"[{""rating"":1}]","https://www.reddit.com/r/NoStupidQuestions/comments/op5sgy/_/h6412bx/",20,"random_sample_3","NoStupidQuestions",4862740,"2024-05-22T18:26:37.983514Z"
"[{""rating"":1}]",2184,"2","Giraffable","","[Here's an extended video of the days events.](https://www.youtube.com/watch?v=nf5ELEZnFz0) With bonus funny music.",0,"2024-05-22T18:27:25.260930Z","2014-04-28 22:44:15","[{""rating"":1}]","[{""rating"":1}]",3,"[{""rating"":1}]",27156917243,"[{""rating"":1}]","[{""rating"":1}]","[{""rating"":1}]",46.979,128028286,"[{""rating"":1}]","[{""rating"":1}]",27156894547,"[{""rating"":1}]","https://www.reddit.com/r/Gunners/comments/24839a/_/ch4izgb/",6,"random_sample_3","Gunners",4595285,"2024-05-22T18:27:25.260942Z"
"[{""rating"":4}]",2187,"2","itisisidneyfeldman","","That's an important insight to have about yourself. Don't sweat it too much, but pay attention to how you react to different types of people. Good luck.",0,"2024-05-22T18:28:47.820954Z","2015-06-06 02:24:48","[{""rating"":1}]","[{""rating"":1}]",3,"[{""rating"":1}]",27809677991,"[{""rating"":1}]","[{""rating"":1}]","[{""rating"":1}]",82.259,196074171,"[{""rating"":1}]","[{""rating"":1}]",27809578830,"[{""rating"":1}]","https://www.reddit.com/r/OkCupid/comments/38qjsr/_/crx5wvb/",1,"random_sample_3","OkCupid",4635542,"2024-05-22T18:28:47.820966Z"
"[{""rating"":5}]",2190,"2","Seanzietron",359135127497.0,"Ohhhh! Did not know that! Good to know. Thatâ€™ll help me on one of my future gimmick runs. Ty!",0,"2024-05-22T18:29:43.895393Z","2021-11-17 00:25:52","[{""rating"":1}]","[{""rating"":1}]",3,"[{""rating"":1}]",38270546614,"[{""rating"":1}]","[{""rating"":1}]","[{""rating"":1}]",55.767,1625170183,"[{""rating"":1}]","[{""rating"":1}]",38270462091,"[{""rating"":1}]","https://www.reddit.com/r/pokemon/comments/qvl1c7/_/hkxamra/",3,"random_sample_3","pokemon",4601315,"2024-05-22T18:29:43.895410Z"
"[{""rating"":1}]",2193,"2","GreenFireBerns","","It's OK though.

She's on record now for promising never to deport another illegal immigrant.  Ever.",0,"2024-05-22T18:30:12.606747Z","2016-04-07 16:44:33","[{""rating"":1}]","[{""rating"":1}]",4,"[{""rating"":1}]",28408569595,"[{""rating"":1}]","[{""rating"":1}]","[{""rating"":1}]",28.379,264995018,"[{""rating"":1}]","[{""rating"":1}]",28408562492,"[{""rating"":1}]","https://www.reddit.com/r/politics/comments/4drrgq/_/d1tq8l7/",2,"random_sample_4-9","politics",3949442,"2024-05-22T18:30:12.606786Z"
"[{""rating"":1}]",2195,"2","MassKhalifa","","Randall Cunningham had a 91 yard punt.",0,"2024-05-22T18:31:20.304189Z","2016-03-31 21:23:07","[{""rating"":1}]","[{""rating"":1}]",4,"[{""rating"":1}]",28393860502,"[{""rating"":1}]","[{""rating"":1}]","[{""rating"":1}]",67.418,263194059,"[{""rating"":1}]","[{""rating"":1}]",28393376579,"[{""rating"":1}]","https://www.reddit.com/r/nfl/comments/4cp5u3/_/d1kyyza/",2,"random_sample_4-9","nfl",4601379,"2024-05-22T18:31:20.304202Z"
"[{""rating"":1}]",2198,"2","fhorn91",408536570404.0,"Yeah I found out. It's easier to count the number of true ones than fakes...",0,"2024-05-22T18:31:54.572373Z","2020-07-25 21:18:18","[{""rating"":1}]","[{""rating"":1}]",6,"[{""rating"":1}]",34782528562,"[{""rating"":1}]","[{""rating"":1}]","[{""rating"":1}]",33.972,1084574627,"[{""rating"":1}]","[{""rating"":1}]",34782428876,"[{""rating"":1}]","https://www.reddit.com/r/Affairs/comments/hxq74z/_/fz8masy/",1,"random_sample_4-9","Affairs",4793389,"2024-05-22T18:31:54.572385Z"
"[{""rating"":1}]",2201,"2","bemi_san",1438490255036.0,"It can do, depending on the bra. Some have special inserts in the cup that can be damaged which stops it sitting flat and go a funny shape, you can also damage the stitching where the strap joins the cup because you're over-stretching it.",0,"2024-05-22T18:32:57.104932Z","2022-09-11 08:11:32","[{""rating"":1}]","[{""rating"":1}]",4,"[{""rating"":1}]",40631036801,"[{""rating"":1}]","[{""rating"":1}]","[{""rating"":1}]",62.217,2013757553,"[{""rating"":1}]","[{""rating"":1}]",40630872850,"[{""rating"":1}]","https://www.reddit.com/r/AskReddit/comments/xaxt9t/_/inyo4n5/",68,"random_sample_4-9","AskReddit",4594374,"2024-05-22T18:32:57.104945Z"
"[{""rating"":1}]",2203,"2","Id_like_to_say_e",287896931830.0,"you gotta open that ""_""",0,"2024-05-22T18:33:32.960881Z","2021-12-30 12:38:09","[{""rating"":1}]","[{""rating"":1}]",8,"[{""rating"":1}]",38610072038,"[{""rating"":1}]","[{""rating"":1}]","[{""rating"":1}]",39.934000000000005,1679536829,"[{""rating"":1}]","[{""rating"":1}]",38610063213,"[{""rating"":1}]","https://www.reddit.com/r/memes/comments/rryawt/_/hqjfu92/",5,"random_sample_4-9","memes",4597828,"2024-05-22T18:33:39.433608Z"
"[{""rating"":1}]",2204,"2","Impossible-List6057",2435894282555.0,"Truuu",0,"2024-05-22T18:34:15.307564Z","2023-10-01 12:42:03","[{""rating"":1}]","[{""rating"":1}]",5,"[{""rating"":1}]",43716582489,"[{""rating"":1}]","[{""rating"":1}]","[{""rating"":1}]",33.576,2594947882,"[{""rating"":1}]","[{""rating"":1}]",43716578185,"[{""rating"":1}]","https://www.reddit.com/r/IndianTeenagers/comments/16wyqlm/_/k2zq2xl/",1,"random_sample_4-9","IndianTeenagers",5015507,"2024-05-22T18:34:15.307577Z"
"[{""rating"":1}]",2207,"2","cespes","","&gt;Try your hardest to see the other side.

You mean that thing you're not doing? Lol. Resorting to insults and pretending to be too good to discuss this are just more signs that you lost this argument and you know it. I pity you.",0,"2024-05-22T18:36:13.191181Z","2016-01-29 20:21:52","[{""rating"":1}]","[{""rating"":1}]",17,"[{""rating"":1}]",28265913629,"[{""rating"":1}]","[{""rating"":1}]","[{""rating"":1}]",117.488,247249502,"[{""rating"":1}]","[{""rating"":1}]",28265844056,"[{""rating"":1}]","https://www.reddit.com/r/pcmasterrace/comments/437exq/_/czgsmjh/",1,"random_sample_10-19","pcmasterrace",4687237,"2024-05-22T18:36:13.191193Z"
"[{""rating"":1}]",2208,"2","Cookies98787",24703188825164.0,"> No. You couldn't. You had to pay some attention to what you were doing.
> 
> 

no, you didnt. just like TBC heroic.

slow. not hard.

> modern MMOs you can sleepwalk through most things,

a trope commonly repeated by people suffering from nostalgia, too old and unable to do modern content.",0,"2024-05-22T18:38:24.752110Z","2023-09-08 19:11:12","[{""rating"":1}]","[{""rating"":5}]",15,"[{""rating"":1}]",43518359158,"[{""rating"":1}]","[{""rating"":1}]","[{""rating"":1}]",131.233,2560672279,"[{""rating"":1}]","[{""rating"":1}]",43518347995,"[{""rating"":1}]","https://www.reddit.com/r/MMORPG/comments/16ck3dj/_/jzppgty/",1,"random_sample_10-19","MMORPG",4600724,"2024-05-22T18:38:24.752123Z"
"[{""rating"":1}]",2216,"2","rob-c",64585947.0,"It was aimed more at everyone on here complaining about their air travel experiences.",0,"2024-05-22T18:49:18.488295Z","2022-07-30 07:09:30","[{""rating"":1}]","[{""rating"":1}]",11,"[{""rating"":1}]",40284502056,"[{""rating"":1}]","[{""rating"":1}]","[{""rating"":1}]",653.441,1954083156,"[{""rating"":1}]","[{""rating"":1}]",40284371190,"[{""rating"":1}]","https://www.reddit.com/r/entertainment/comments/wbes7o/_/ii8coq0/",2,"random_sample_10-19","entertainment",4594335,"2024-05-22T18:49:18.488307Z"
"[{""rating"":1}]",2218,"2","bitcoinbeacon",9172542260.0,"That's not really her thing ðŸ˜˜",0,"2024-05-22T18:50:13.775520Z","2023-02-09 15:30:25","[{""rating"":1}]","[{""rating"":1}]",10,"[{""rating"":1}]",41833729212,"[{""rating"":1}]","[{""rating"":1}]","[{""rating"":1}]",54.998,2233294219,"[{""rating"":1}]","[{""rating"":1}]",41833307642,"[{""rating"":1}]","https://www.reddit.com/r/replika/comments/10xn8uj/_/j7uq01o/",32,"random_sample_10-19","replika",5949969,"2024-05-22T18:50:13.775532Z"
"[{""rating"":1}]",2221,"2","TheDisco3",2034533018871.0,"You think I would have known that with how that entire loser fan base never shuts the fuck up about it.  
  
  
 Name calling is always a sign of a loser. And that's the worst name calling I've seen on r/hockey. Congrats. You won something for once.",0,"2024-05-22T18:52:13.636616Z","2022-12-22 18:12:24","[{""rating"":1}]","[{""rating"":1}]",11,"[{""rating"":1}]",41435545298,"[{""rating"":1}]","[{""rating"":1}]","[{""rating"":1}]",119.56,2164402728,"[{""rating"":1}]","[{""rating"":1}]",41435524569,"[{""rating"":1}]","https://www.reddit.com/r/hockey/comments/zsmnu0/_/j19njde/",0,"random_sample_10-19","hockey",4596141,"2024-05-22T18:52:13.636643Z"
"[{""rating"":1}]",2224,"2","ToastylilToast",965176343326.0,"So that makes it okay?",0,"2024-05-22T18:54:05.807445Z","2021-12-16 00:07:39","[{""rating"":1}]","[{""rating"":1}]",10,"[{""rating"":1}]",38499707625,"[{""rating"":1}]","[{""rating"":1}]","[{""rating"":1}]",111.776,1661702235,"[{""rating"":1}]","[{""rating"":1}]",38499702046,"[{""rating"":1}]","https://www.reddit.com/r/AmItheAsshole/comments/rhc1nf/_/hopqcix/",1,"random_sample_10-19","AmItheAsshole",4922054,"2024-05-22T18:54:05.807456Z"
"[{""rating"":1}]",2228,"2","purebredginger","","That's just so disturbing... ",0,"2024-05-22T18:54:44.905943Z","2014-04-16 03:28:21","[{""rating"":1}]","[{""rating"":1}]",2,"[{""rating"":1}]",27138607116,"[{""rating"":1}]","[{""rating"":1}]","[{""rating"":1}]",38.761,126221846,"[{""rating"":1}]","[{""rating"":1}]",27138604936,"[{""rating"":1}]","https://www.reddit.com/r/Random_Acts_Of_Amazon/comments/235dee/_/cgtmj9o/",2,"random_sample_2","Random_Acts_Of_Amazon",4755175,"2024-05-22T18:54:44.905956Z"
"[{""rating"":3}]",2239,"2","Valos01","","They've already ordered in a new fairing so I might as well go through with it. I did specifically say that I dont want scratches on parts that aren't being replaced buffed out. I like that my bike has character now.

And yeah, it was a stupid decision on my part. I guess I konda panicked :/",0,"2024-05-22T19:01:52.882823Z","2014-09-25 00:58:58","[{""rating"":1}]","[{""rating"":1}]",2,"[{""rating"":1}]",27377347458,"[{""rating"":1}]","[{""rating"":1}]","[{""rating"":1}]",548.0409999999999,150110053,"[{""rating"":1}]","[{""rating"":1}]",27377331004,"[{""rating"":1}]","https://www.reddit.com/r/motorcycles/comments/2hddnp/_/ckrrkhu/",1,"random_sample_2","motorcycles",4595845,"2024-05-23T08:38:27.523679Z"
"[{""rating"":1}]",2245,"2","eggs_and_bacon",12892145.0,"""But what I'm asking...""",0,"2024-05-22T19:03:20.971088Z","2023-02-02 17:22:53","[{""rating"":1}]","[{""rating"":1}]",2,"[{""rating"":1}]",41778386387,"[{""rating"":1}]","[{""rating"":1}]","[{""rating"":1}]",87.802,2223421386,"[{""rating"":1}]","[{""rating"":1}]",41777966018,"[{""rating"":1}]","https://www.reddit.com/r/DanLeBatardShow/comments/10rrmx6/_/j6xrt8z/",9,"random_sample_2","DanLeBatardShow",5228285,"2024-05-22T19:03:20.971100Z"
"[{""rating"":1}]",2250,"2","tomatojournal",888611969407.0,"Sysco but you need to order something else and hope",0,"2024-05-22T19:05:20.723863Z","2022-12-10 20:40:56","[{""rating"":1}]","[{""rating"":1}]",2,"[{""rating"":1}]",41340842044,"[{""rating"":1}]","[{""rating"":1}]","[{""rating"":1}]",73.74,2146409103,"[{""rating"":1}]","[{""rating"":1}]",41340130291,"[{""rating"":1}]","https://www.reddit.com/r/KitchenConfidential/comments/zhwzv3/_/izp9pvg/",20,"random_sample_2","KitchenConfidential",4678859,"2024-05-22T19:05:20.723876Z"
"[{""rating"":1}]",2253,"2","GirlLolla",748912249493.0,"hehe good :)",0,"2024-05-22T19:07:01.368960Z","2021-01-19 10:13:08","[{""rating"":1}]","[{""rating"":1}]",2,"[{""rating"":1}]",36026782986,"[{""rating"":1}]","[{""rating"":1}]","[{""rating"":1}]",100.078,1270073559,"[{""rating"":1}]","[{""rating"":1}]",36023928488,"[{""rating"":1}]","https://www.reddit.com/r/AssholeBehindThong/comments/l06313/_/gjteznu/",1,"random_sample_2","AssholeBehindThong",4785093,"2024-05-22T19:07:01.368973Z"
"[{""rating"":1}]",2256,"2","Spiritual_Jaguar4685",240961410871.0,"Yes, that's exactly right. There are tons of different specific chemistries you can use for different conditions, but they are function per that basic summary.",0,"2024-05-22T19:07:53.251951Z","2021-06-07 14:52:55","[{""rating"":1}]","[{""rating"":1}]",3,"[{""rating"":1}]",37060632370,"[{""rating"":1}]","[{""rating"":1}]","[{""rating"":1}]",51.584,1441757072,"[{""rating"":1}]","[{""rating"":1}]",37060611881,"[{""rating"":1}]","https://www.reddit.com/r/explainlikeimfive/comments/nuduvk/_/h0wxyya/",3,"eli5_3","explainlikeimfive",4697437,"2024-05-22T19:07:53.251963Z"
"[{""rating"":4}]",2259,"2","kouhoutek","","Thanks, removed.",0,"2024-05-22T19:08:36.280256Z","2017-02-28 21:14:53","[{""rating"":1}]","[{""rating"":1}]",3,"[{""rating"":1}]",29165177264,"[{""rating"":1}]","[{""rating"":1}]","[{""rating"":1}]",42.024,357302591,"[{""rating"":1}]","[{""rating"":1}]",29165174595,"[{""rating"":1}]","https://www.reddit.com/r/explainlikeimfive/comments/5wq8fz/_/dec6ysw/",1,"eli5_3","explainlikeimfive",4697437,"2024-05-22T19:08:36.280268Z"
"[{""rating"":1}]",2260,"2","BeyBeyBlackSheep","","So? If you can take over the controls easily then you could have corrected anything incorrect your auto car might be doing. ",0,"2024-05-22T19:09:22.303719Z","2018-03-30 00:44:53","[{""rating"":1}]","[{""rating"":1}]",3,"[{""rating"":1}]",30263728761,"[{""rating"":1}]","[{""rating"":1}]","[{""rating"":1}]",45.736,497465743,"[{""rating"":1}]","[{""rating"":1}]",30263716904,"[{""rating"":1}]","https://www.reddit.com/r/explainlikeimfive/comments/886f0v/_/dwi8qk9/",1,"eli5_3","explainlikeimfive",4697437,"2024-05-22T19:09:22.303731Z"
"[{""rating"":1}]",2263,"2","Zagaroth","","Well, it can be aggravated by other circumstances. By ""reformat"" I assumed the OP meant that they took their OS disk and did a complete re-install via reformat, as reformatting usually means wiping a disk clean.

An updated, larger OS should not degrade computer performance much. (Note: I do not include brand new OS's, ie Win7 v. Win XP, just updates like Service Packs). 

Also, Hard drive performance can degrade. RAM can degrade as well, but usually RAM errors just cause the computer to not boot at all. So for physical degradation, usually it's the CPU, GPU, or other complicated IC, or it's the hard drive. Most other components, degradation = hard failure.

If you have a 10 year old computer, AND you are using the latest software, it's not going to be pretty. Hardware performance down and software demands up... somethings gotta give.
",0,"2024-05-22T19:11:02.423002Z","2012-02-17 03:09:37","[{""rating"":4}]","[{""rating"":1}]",3,"[{""rating"":2}]",26349926865,"[{""rating"":1}]","[{""rating"":1}]","[{""rating"":3}]",99.836,43347162,"[{""rating"":1}]","[{""rating"":1}]",26349894893,"[{""rating"":1}]","https://www.reddit.com/r/explainlikeimfive/comments/pt2vu/_/c3s2dox/",2,"eli5_3","explainlikeimfive",4697437,"2024-05-22T19:11:02.423015Z"
"[{""rating"":1}]",2267,"2","Chadmartigan",1644906394577.0,"Well, how far it travels is not at all a function of the photon's energy. Photons are massless particles, and consequently always move at the speed of light until they are stopped, whatever energy they have.

The color of light is a consequence of its wavelength/frequency. When you shine a light through, say, a red-tinted film, what's happening is that the pigment (or what have you) in the film absorbs all frequencies of the passing light *except* red. So if a photon's frequency is within that range of reds, it will pass through, otherwise it will be absorbed. By contrast, if you pass that same beam of light through a perfectly translucent prism, it will all pass through.",0,"2024-05-22T19:12:21.750500Z","2023-01-06 22:00:00","[{""rating"":1}]","[{""rating"":1}]",3,"[{""rating"":3}]",41555594048,"[{""rating"":1}]","[{""rating"":1}]","[{""rating"":3}]",79.018,2184999679,"[{""rating"":1}]","[{""rating"":1}]",41555266574,"[{""rating"":1}]","https://www.reddit.com/r/explainlikeimfive/comments/104w4jj/_/j394lkw/",2,"eli5_3","explainlikeimfive",4697437,"2024-05-22T19:12:21.750513Z"
"[{""rating"":1}]",2269,"2","meditate42","","Well thats just not as fun as conspiracy theory. ",0,"2024-05-22T19:12:53.862983Z","2014-07-23 01:55:29","[{""rating"":1}]","[{""rating"":1}]",4,"[{""rating"":1}]",27278759512,"[{""rating"":1}]","[{""rating"":1}]","[{""rating"":1}]",28.897,140072641,"[{""rating"":1}]","[{""rating"":1}]",27277823979,"[{""rating"":1}]","https://www.reddit.com/r/explainlikeimfive/comments/2be8qp/_/cj52hjs/",1,"eli5_4-9","explainlikeimfive",4697437,"2024-05-22T19:12:53.862999Z"
"[{""rating"":1}]",2272,"2","AlbertDock","","In the UK school ends in July and starts in September. So it fits in quite well with the harvest.",0,"2024-05-22T19:13:36.712073Z","2015-08-31 10:38:08","[{""rating"":1}]","[{""rating"":1}]",5,"[{""rating"":1}]",27971797384,"[{""rating"":1}]","[{""rating"":1}]","[{""rating"":1}]",42.437,213263258,"[{""rating"":1}]","[{""rating"":1}]",27971786975,"[{""rating"":1}]","https://www.reddit.com/r/explainlikeimfive/comments/3iyyze/_/culoozs/",3,"eli5_4-9","explainlikeimfive",4697437,"2024-05-22T19:13:36.712085Z"
"[{""rating"":1}]",2273,"2","drkpie","","Glad they did that, even though I keep a penny inside my grinder lol.  ",0,"2024-05-22T19:14:12.020270Z","2015-10-28 08:29:58","[{""rating"":1}]","[{""rating"":1}]",5,"[{""rating"":1}]",28082635566,"[{""rating"":1}]","[{""rating"":1}]","[{""rating"":1}]",34.952,225963978,"[{""rating"":1}]","[{""rating"":1}]",28082631959,"[{""rating"":1}]","https://www.reddit.com/r/explainlikeimfive/comments/3qj6x6/_/cwfoca6/",1,"eli5_4-9","explainlikeimfive",4697437,"2024-05-22T19:14:12.020282Z"
"[{""rating"":1}]",2281,"2","death_hawk",14032761.0,"&gt; Blackjack is the most fair and subsequently bad for the casino   

Excluding poker and sportsbooks, Blackjack isn't even that good.  
If you're playing perfectly on a table that allows it (hint: most tables don't allow it) it is great, but nowadays with machine shuffling, the ""bonus game"", 8 decks, and other rules, the percentage return is actually pretty abysmal.",0,"2024-05-22T19:15:41.749951Z","2022-10-19 18:59:10","[{""rating"":1}]","[{""rating"":1}]",5,"[{""rating"":1}]",40933920887,"[{""rating"":1}]","[{""rating"":1}]","[{""rating"":1}]",86.405,2069478357,"[{""rating"":1}]","[{""rating"":1}]",40933096782,"[{""rating"":1}]","https://www.reddit.com/r/explainlikeimfive/comments/y843px/_/isyzzhz/",1,"eli5_4-9","explainlikeimfive",4697437,"2024-05-22T19:15:41.749963Z"
"[{""rating"":1}]",2285,"2","mtwara","","Right, right, but *why* is *that* good?",0,"2024-05-22T19:16:50.847898Z","2012-09-19 02:51:41","[{""rating"":3}]","[{""rating"":1}]",14,"[{""rating"":1}]",26501377395,"[{""rating"":1}]","[{""rating"":1}]","[{""rating"":1}]",65.801,60605796,"[{""rating"":1}]","[{""rating"":1}]",26501360890,"[{""rating"":1}]","https://www.reddit.com/r/explainlikeimfive/comments/102zqc/_/c6a8ho3/",1,"eli5_10-19","explainlikeimfive",4697437,"2024-05-22T19:16:50.847912Z"
"[{""rating"":1}]",2287,"2","Foef_Yet_Flalf","","How do inert ions such as Na^(1+) and Cl^(1-) react with metals?",0,"2024-05-22T19:18:07.463218Z","2016-02-08 12:02:41","[{""rating"":3}]","[{""rating"":1}]",11,"[{""rating"":1}]",28284928058,"[{""rating"":1}]","[{""rating"":1}]","[{""rating"":1}]",85.91399999999999,249680837,"[{""rating"":1}]","[{""rating"":1}]",28284607400,"[{""rating"":1}]","https://www.reddit.com/r/explainlikeimfive/comments/44niyt/_/czs4662/",-1,"eli5_10-19","explainlikeimfive",4697437,"2024-05-23T08:41:07.078485Z"
"[{""rating"":1}]",2289,"2","Karai17","","It sounds to me like the game logic pauses when the window loses focus. This might be some form of anti-cheat functionality built into the game.",0,"2024-05-22T19:18:54.337845Z","2015-06-15 13:15:09","[{""rating"":1}]","[{""rating"":1}]",10,"[{""rating"":2}]",27826438759,"[{""rating"":1}]","[{""rating"":1}]","[{""rating"":1}]",46.559,198023250,"[{""rating"":1}]","[{""rating"":1}]",27826411073,"[{""rating"":1}]","https://www.reddit.com/r/explainlikeimfive/comments/39wbpu/_/cs755k7/",2,"eli5_10-19","explainlikeimfive",4697437,"2024-05-22T19:18:54.337858Z"
"[{""rating"":1}]",2294,"2","TheSpoom","","Reddit Rule 154: Whenever German is used on a default subreddit, the thread will turn into Du Hast within three messages.",0,"2024-05-22T19:20:29.865254Z","2015-06-27 22:50:34","[{""rating"":1}]","[{""rating"":1}]",11,"[{""rating"":1}]",27849542481,"[{""rating"":1}]","[{""rating"":1}]","[{""rating"":1}]",95.23,200417730,"[{""rating"":1}]","[{""rating"":1}]",27849518843,"[{""rating"":1}]","https://www.reddit.com/r/explainlikeimfive/comments/3bbnb6/_/cskwci9/",45,"eli5_10-19","explainlikeimfive",4697437,"2024-05-22T19:20:29.865266Z"
"[{""rating"":1}]",2297,"2","JoeBidenBot","","I like money.",0,"2024-05-22T19:21:14.396025Z","2015-03-10 07:25:59","[{""rating"":1}]","[{""rating"":1}]",16,"[{""rating"":1}]",27649929655,"[{""rating"":1}]","[{""rating"":1}]","[{""rating"":1}]",44.21,178826159,"[{""rating"":1}]","[{""rating"":1}]",27649929509,"[{""rating"":1}]","https://www.reddit.com/r/explainlikeimfive/comments/2ygv5b/_/cpa1y9j/",1,"eli5_10-19","explainlikeimfive",4697437,"2024-05-22T19:21:14.396037Z"
"[{""rating"":1}]",2301,"2","Shadhahvar","","&gt; A male feminist is a fox wearing a chicken suit.

Aaaand suddenly every argument you've made lost credibility due to generalizing a topic that can't be generalized.
",0,"2024-05-22T19:22:17.241165Z","2017-07-26 13:17:16","[{""rating"":1}]","[{""rating"":1}]",10,"[{""rating"":1}]",29552420302,"[{""rating"":1}]","[{""rating"":1}]","[{""rating"":1}]",62.541,405730655,"[{""rating"":1}]","[{""rating"":1}]",29552349368,"[{""rating"":1}]","https://www.reddit.com/r/explainlikeimfive/comments/6pk7rz/_/dkqqxfy/",5,"eli5_10-19","explainlikeimfive",4697437,"2024-05-22T19:22:17.241178Z"
"[{""rating"":1}]",2302,"2","Im_using_headphones",65631564.0,"Time is a thing, regardless of how we measure it. The way humans measure time (seconds, hours, years, etc.) is arbitrary. Time exists even if there's no one to measure it. Atoms will still decay and gradually fall into disorder. This is called entropy. It's why people age. It's why ice will melt if you leave it out on your counter.  Us measuring or not measuring the duration, doesn't change that the duration exists.

Also what you are referring to as ""space-time"" is not entirely accurate. While it's true that time is often considered a fourth dimension including the 3 spacial dimensions, ""Space-time"" isn't based on our units of measurements. Spacetime is based on relativity where space and time are both part of the same thing. And anything with mass will bend space-time. This is gravity. Time dilation is also from relativity, where something moving close to speed of light will experience time slower relative to something at rest frame. At the speed of light, photons don't experience time at all. Again, all of this holds true regardless of if we measure it or not.",0,"2024-05-22T19:23:14.543316Z","2022-12-16 00:12:14","[{""rating"":1}]","[{""rating"":1}]",2,"[{""rating"":5}]",41382726585,"[{""rating"":1}]","[{""rating"":1}]","[{""rating"":1}]",125.577,2154661116,"[{""rating"":1}]","[{""rating"":1}]",41381718950,"[{""rating"":3}]","https://www.reddit.com/r/explainlikeimfive/comments/zmtv5o/_/j0e7g6x/",4,"eli5_2","explainlikeimfive",4697437,"2024-05-22T19:24:29.379049Z"
"[{""rating"":1}]",2305,"2","ilikeostrichmeat","","Then why don't they just reduce the budget to close to nothing, instead?",0,"2024-05-22T19:25:37.737223Z","2015-08-27 05:43:07","[{""rating"":1}]","[{""rating"":1}]",2,"[{""rating"":1}]",27964234302,"[{""rating"":1}]","[{""rating"":1}]","[{""rating"":1}]",98.05799999999999,212577913,"[{""rating"":1}]","[{""rating"":1}]",27964227759,"[{""rating"":1}]","https://www.reddit.com/r/explainlikeimfive/comments/3ika61/_/cuh6la6/",2,"eli5_2","explainlikeimfive",4697437,"2024-05-23T08:43:55.487569Z"
"[{""rating"":1}]",2307,"2","[deleted]","","Why do you still need to depend on drugs after 9 YEARS? Maybe you should try and fix the issue rather than putting a bandaid on it.",0,"2024-05-22T19:26:54.257962Z","2014-05-04 00:11:09","[{""rating"":3}]","[{""rating"":1}]",2,"[{""rating"":1}]",27164233000,"[{""rating"":1}]","[{""rating"":1}]","[{""rating"":1}]",98.654,128712137,"[{""rating"":1}]","[{""rating"":1}]",27164095009,"[{""rating"":2}]","https://www.reddit.com/r/explainlikeimfive/comments/24mqx5/_/ch8vsbs/",-13,"eli5_2","explainlikeimfive",4697437,"2024-05-23T08:44:19.476544Z"
"[{""rating"":1}]",2310,"2","johannvillanueva29",72716119.0,"Common misconception about soaps is that you don't kill any bacteria when you use hand soap. What soap does is that it targets the peptidoglycan layers of bacteria and destroys them, causing the bacteria to simply slide off of your hands. (Peptidoglycan is a layer of bacterial cell wall that is composed of proteins and glucose molecules in an alternating pattern. Some have thicker layers than others, but bacteria still usually are defenseless against soaps). Hand sanitizers are the actual killers of bacteria. They essentially burn them up and shrivel them through the alcohol. 
:^) microbiology is really eye opening to alot of stuff man",0,"2024-05-22T19:28:01.743574Z","2019-01-18 06:16:54","[{""rating"":1}]","[{""rating"":1}]",2,"[{""rating"":1}]",31341774914,"[{""rating"":1}]","[{""rating"":1}]","[{""rating"":2}]",63.235,633561634,"[{""rating"":1}]","[{""rating"":1}]",31341746131,"[{""rating"":4}]","https://www.reddit.com/r/explainlikeimfive/comments/ah7faa/_/eec30aq/",6,"eli5_2","explainlikeimfive",4697437,"2024-05-22T19:28:01.743587Z"
"[{""rating"":1}]",2311,"2","spacemnky4",342963000492.0,"Not anymore. Automatic technology has gotten really good.",0,"2024-05-22T19:30:09.005771Z","2020-12-27 03:34:07","[{""rating"":1}]","[{""rating"":1}]",3,"[{""rating"":1}]",35864554664,"[{""rating"":1}]","[{""rating"":1}]","[{""rating"":1}]",126.965,1244336622,"[{""rating"":1}]","[{""rating"":1}]",35864351874,"[{""rating"":3}]","https://www.reddit.com/r/unpopularopinion/comments/kkuga6/_/gh4tvhk/",1,"unpopularopinion_3","unpopularopinion",4738204,"2024-05-22T19:30:09.005815Z"
"[{""rating"":5}]",2313,"2","So_WhatsThePlan",549046330007.0,"This. This. This this. Thank you!! We both like to cook. Cooking is the easier part. If you are going to completely trash the kitchen and leave 28 dishes in the sink and every single ingredient and garbage out on the counter., and then tell me I have to clean it up since you cooked... I'd rather not eat at all thanks.",0,"2024-05-22T19:31:37.266915Z","2020-09-15 03:09:46","[{""rating"":1}]","[{""rating"":1}]",3,"[{""rating"":1}]",35150191445,"[{""rating"":1}]","[{""rating"":1}]","[{""rating"":1}]",87.956,1136303210,"[{""rating"":1}]","[{""rating"":1}]",35149694710,"[{""rating"":1}]","https://www.reddit.com/r/unpopularopinion/comments/isix62/_/g5bilat/",7,"unpopularopinion_3","unpopularopinion",4738204,"2024-05-22T19:31:37.266927Z"
"[{""rating"":1}]",2314,"2","Zempshir",67802923.0,"Well I agree with you when it comes to PC actually (assuming thatâ€™s what you use since you had a Windows Phone) I have a decent build. I think Macs are expensive, limited in style, and oversimplified for my preferences. I also have a Surface Pro 7 and much prefer it to an Apple laptop or an iPad, itâ€™s the best of both worlds. I will admit that an iPad is better from a purely tablet perspective however.",0,"2024-05-22T19:33:22.896451Z","2022-01-04 03:44:40","[{""rating"":1}]","[{""rating"":1}]",3,"[{""rating"":1}]",38648069048,"[{""rating"":1}]","[{""rating"":1}]","[{""rating"":3}]",105.186,1684081155,"[{""rating"":1}]","[{""rating"":1}]",38639275368,"[{""rating"":4}]","https://www.reddit.com/r/unpopularopinion/comments/runpc3/_/hr628xk/",2,"unpopularopinion_3","unpopularopinion",4738204,"2024-05-22T19:33:22.896463Z"
"[{""rating"":1}]",2316,"2","HarryXXV",99331740126.0,"Someone clearly slept through Biology or just failed to attend school at all.",0,"2024-05-22T19:34:05.889470Z","2020-07-27 08:09:43","[{""rating"":1}]","[{""rating"":1}]",3,"[{""rating"":1}]",34791346003,"[{""rating"":1}]","[{""rating"":1}]","[{""rating"":1}]",42.701,1086155197,"[{""rating"":1}]","[{""rating"":1}]",34791328207,"[{""rating"":1}]","https://www.reddit.com/r/unpopularopinion/comments/hyo2pp/_/fzdvadv/",1,"unpopularopinion_3","unpopularopinion",4738204,"2024-05-22T19:34:05.889482Z"
"[{""rating"":1}]",2317,"2","the-unflattering-6",294584918434.0,"When I was a kid, it was German Shepherds. Then it was dobermans. Then it was rottweilers.  Then it was dobermans again. Now it's pit bulls. I'm sure that's happened but there's always a menacing dog breed in the media. And I don't think the German Shepherds,  dobermans,  and rottweilers suddenly became docile. But you dont hear about those incidents anymore.",0,"2024-05-22T19:35:51.412458Z","2019-06-08 12:46:58","[{""rating"":1}]","[{""rating"":1}]",3,"[{""rating"":1}]",32070656473,"[{""rating"":1}]","[{""rating"":1}]","[{""rating"":1}]",165.878,722503931,"[{""rating"":1}]","[{""rating"":1}]",32069060922,"[{""rating"":1}]","https://www.reddit.com/r/unpopularopinion/comments/by5rln/_/eqe1gwp/",-4,"unpopularopinion_3","unpopularopinion",4738204,"2024-05-23T08:47:11.613437Z"
"[{""rating"":1}]",2318,"2","Funkycoldmedici",275143162538.0,"Did not existing for the 14 billion years before you were born hurt you?",0,"2024-05-22T19:37:18.238333Z","2022-12-01 16:25:33","[{""rating"":1}]","[{""rating"":1}]",3,"[{""rating"":1}]",41268531182,"[{""rating"":1}]","[{""rating"":1}]","[{""rating"":1}]",120.315,2130749481,"[{""rating"":1}]","[{""rating"":1}]",41261171300,"[{""rating"":1}]","https://www.reddit.com/r/unpopularopinion/comments/z8lctl/_/iyi7uge/",3,"unpopularopinion_3","unpopularopinion",4738204,"2024-05-23T08:47:49.538710Z"
"[{""rating"":1}]",2320,"2","Hardinator",45063121328.0,"And this is why we canâ€™t talk about solutions. Because children like you stamp your feet and have a meltdown. We canâ€™t even start the conversation so nothing will ever be done. Pro tip: donâ€™t straw man an opposing argument even before it is made. I donâ€™t think ANYONE looking for solutions wants to make anything harder for existing and responsible gun owners. And please donâ€™t bring up some ultra minority anti gun person/group to try and justify your inability to look for solutions. It just makes you look silly and cruel.",0,"2024-05-22T19:41:30.729413Z","2019-05-12 16:27:08","[{""rating"":1}]","[{""rating"":1}]",9,"[{""rating"":1}]",31879647847,"[{""rating"":4}]","[{""rating"":1}]","[{""rating"":1}]",252.035,704890188,"[{""rating"":1}]","[{""rating"":1}]",31879352826,"[{""rating"":1}]","https://www.reddit.com/r/unpopularopinion/comments/bno8r0/_/en8bhpj/",2,"unpopularopinion_4-9","unpopularopinion",4738204,"2024-05-22T19:41:30.729437Z"
"[{""rating"":1}]",2325,"2","Psychological-Dig-29",552817832398.0,"Apples have been here in Canada since the 1600s and have spread out by wildlife eating them and pooping out their seeds. Sure it may not be a native fruit, but it's been around for long enough that every animal in the area knows what they are. 

It can be wild even if it's not from here.",0,"2024-05-22T19:46:04.654333Z","2023-01-24 23:01:25","[{""rating"":1}]","[{""rating"":1}]",4,"[{""rating"":1}]",41706421224,"[{""rating"":1}]","[{""rating"":1}]","[{""rating"":1}]",374.66499999999996,2211129971,"[{""rating"":1}]","[{""rating"":1}]",41706242833,"[{""rating"":1}]","https://www.reddit.com/r/unpopularopinion/comments/10kg6sz/_/j5qxcko/",2,"unpopularopinion_4-9","unpopularopinion",4738204,"2024-05-23T08:49:44.078115Z"
"[{""rating"":1}]",2327,"2","radialomens","","What if my friend has money for weed and heâ€™s willing to share with me?",0,"2024-05-22T19:47:15.927565Z","2018-06-21 04:26:21","[{""rating"":3}]","[{""rating"":1}]",4,"[{""rating"":1}]",30537372690,"[{""rating"":1}]","[{""rating"":1}]","[{""rating"":1}]",72.952,531791052,"[{""rating"":1}]","[{""rating"":1}]",30536324819,"[{""rating"":1}]","https://www.reddit.com/r/unpopularopinion/comments/8sm4lo/_/e115vki/",1,"unpopularopinion_4-9","unpopularopinion",4738204,"2024-05-22T19:47:20.432168Z"
"[{""rating"":1}]",2328,"2","hoehater",295841579883.0,"Yeah...  I feel sorry for her current man.  Heâ€™s here on a green card, they had a kid together, and she threatens to report him on some fake DV bullshit to have him deported if she doesnâ€™t get her way.

Sheâ€™s scum.",0,"2024-05-22T19:48:24.503142Z","2020-03-11 02:11:48","[{""rating"":1}]","[{""rating"":1}]",7,"[{""rating"":1}]",33871280040,"[{""rating"":5}]","[{""rating"":1}]","[{""rating"":1}]",57.248,935006100,"[{""rating"":1}]","[{""rating"":1}]",33870928230,"[{""rating"":1}]","https://www.reddit.com/r/unpopularopinion/comments/fgofbo/_/fk632y0/",1,"unpopularopinion_4-9","unpopularopinion",4738204,"2024-05-22T19:48:24.503154Z"
"[{""rating"":1}]",2331,"2","PwnedDead",159366649063.0,"I donâ€™t care what they think either, but it still makes up a huge part of the world. 

Most of the commie nations nowadays fought in the world wars, so they wouldnâ€™t be second/third world countries. Thatâ€™s a fun fact I learned a year ago.",0,"2024-05-22T19:50:08.425009Z","2019-12-07 23:41:43","[{""rating"":1}]","[{""rating"":1}]",6,"[{""rating"":1}]",33258021050,"[{""rating"":1}]","[{""rating"":1}]","[{""rating"":1}]",103.648,858900298,"[{""rating"":1}]","[{""rating"":1}]",33257994858,"[{""rating"":1}]","https://www.reddit.com/r/unpopularopinion/comments/e7d7pm/_/fa0yta2/",2,"unpopularopinion_4-9","unpopularopinion",4738204,"2024-05-22T19:50:08.425021Z"
"[{""rating"":1}]",2333,"2","ijustviewstuffmostly",6072338499.0,"You really think the value of a house will only go up? Lol like the housing crash never happened and it was so recent too",0,"2024-05-22T19:51:32.454615Z","2020-11-01 20:00:38","[{""rating"":1}]","[{""rating"":1}]",5,"[{""rating"":1}]",35483015526,"[{""rating"":1}]","[{""rating"":1}]","[{""rating"":1}]",83.709,1185810043,"[{""rating"":1}]","[{""rating"":1}]",35481758548,"[{""rating"":1}]","https://www.reddit.com/r/unpopularopinion/comments/jm00vv/_/gato606/",0,"unpopularopinion_4-9","unpopularopinion",4738204,"2024-05-22T19:51:32.454627Z"
"[{""rating"":1}]",2334,"2","lordbeefu",631506501531.0,"But should they?  I find veganism to be a movement filled to the brim with toxicity and gatekeeping.  No thanks.  If you're into it fine, but I'll be over here as a proponent of plant based diets, but no thanks on that community. Vegans have severally tainted all credibility by being associated with douche bag protestors and idiotic bloggers.

I am not anti the vegan diet, but find the movement itself to be too judgy, entitled and closed minded.

Again, I have nothing against ethical vegans principles, but the behavior of individuals within it has been ridiculous enough to steer me towards a more holistic approach to plant food.

My cousin has worked on many farms and studied agriculture as well as I'm friends with a university professor who's topic of focus is food sustainability and nutrition.  Neither of these people are vegans, but both eat plant based diets 95% of the time.",0,"2024-05-22T19:53:27.476894Z","2021-04-20 18:26:15","[{""rating"":1}]","[{""rating"":1}]",11,"[{""rating"":3}]",36716985518,"[{""rating"":1}]","[{""rating"":1}]","[{""rating"":1}]",125.262,1378194190,"[{""rating"":1}]","[{""rating"":1}]",36714038822,"[{""rating"":1}]","https://www.reddit.com/r/unpopularopinion/comments/msjhfy/_/gv8cfce/",1,"unpopularopinion_10-19","unpopularopinion",4738204,"2024-05-22T19:53:41.688329Z"
"[{""rating"":1}]",2338,"2","barryandorlevon",131246005820.0,"Ok but youâ€™ve listed nothing but disincentives for women.  And the fact that you think that they need to be told that they canâ€™t get money from the guy should make them think harder about choosing them for a partnership?  Ew bro.  Maybe try to frame it a less misogynistic angle?  Man just get a vasectomy and then nobody can take shit from ya!  Itâ€™s the simplest solution for not getting anyone pregnant.  If you canâ€™t keep your dick WRAPPED then snip it or zip it.",0,"2024-05-22T19:56:23.510227Z","2019-10-25 18:49:09","[{""rating"":1}]","[{""rating"":1}]",10,"[{""rating"":1}]",32965767473,"[{""rating"":4}]","[{""rating"":1}]","[{""rating"":1}]",159.742,824046737,"[{""rating"":1}]","[{""rating"":5}]",32965267100,"[{""rating"":1}]","https://www.reddit.com/r/unpopularopinion/comments/dmm6j5/_/f56ysz5/",1,"unpopularopinion_10-19","unpopularopinion",4738204,"2024-05-22T19:56:23.510239Z"
"[{""rating"":1}]",2342,"2","KillerBeesRedux",60591362.0,"&gt;I'll engage in any discussion about gun control

That6s amazing since you can't even tell when you're in one.",0,"2024-05-22T19:58:37.662887Z","2019-09-15 15:15:36","[{""rating"":1}]","[{""rating"":1}]",17,"[{""rating"":1}]",32675189564,"[{""rating"":1}]","[{""rating"":1}]","[{""rating"":1}]",133.28,793735594,"[{""rating"":1}]","[{""rating"":1}]",32675182629,"[{""rating"":1}]","https://www.reddit.com/r/unpopularopinion/comments/d4kiay/_/f0dypmk/",0,"unpopularopinion_10-19","unpopularopinion",4738204,"2024-05-22T19:58:37.662900Z"
"[{""rating"":1}]",2343,"2","ShanClark",295452086990.0,"If youâ€™re combat arms in the Army you can get in trouble for doing nothing wrong at all. ðŸ˜‚",0,"2024-05-22T19:59:27.413183Z","2019-05-16 15:09:55","[{""rating"":1}]","[{""rating"":1}]",16,"[{""rating"":1}]",31912331324,"[{""rating"":1}]","[{""rating"":1}]","[{""rating"":1}]",49.098,707631353,"[{""rating"":1}]","[{""rating"":1}]",31912314380,"[{""rating"":1}]","https://www.reddit.com/r/unpopularopinion/comments/bpazuh/_/enrs0fw/",1,"unpopularopinion_10-19","unpopularopinion",4738204,"2024-05-22T19:59:27.413195Z"
"[{""rating"":1}]",2344,"2","SickOfCensorship",909390965938.0,"No, just to make other more susceptible people feel worse.",0,"2024-05-22T20:00:41.389153Z","2021-04-27 17:58:06","[{""rating"":1}]","[{""rating"":6}]",18,"[{""rating"":1}]",36768095801,"[{""rating"":1}]","[{""rating"":1}]","[{""rating"":1}]",73.065,1390087138,"[{""rating"":1}]","[{""rating"":1}]",36768091559,"[{""rating"":1}]","https://www.reddit.com/r/unpopularopinion/comments/mzme3m/_/gw2rwah/",1,"unpopularopinion_10-19","unpopularopinion",4738204,"2024-05-22T20:00:41.389165Z"
"[{""rating"":1}]",2345,"2","hotNbutterycopporn",331669433092.0,"&gt; If you have another viable avenue, Id love for you to share.

Pretty sure I already did my man. Been doing that forever and will continue to do so. I pay for what I'm charged. Just like literally any other product or service in existence.",0,"2024-05-22T20:02:29.906268Z","2020-02-13 20:19:39","[{""rating"":1}]","[{""rating"":1}]",15,"[{""rating"":1}]",33710736406,"[{""rating"":1}]","[{""rating"":1}]","[{""rating"":1}]",204.147,912666554,"[{""rating"":1}]","[{""rating"":1}]",33710704042,"[{""rating"":1}]","https://www.reddit.com/r/unpopularopinion/comments/f3dm0q/_/fhii2om/",1,"unpopularopinion_10-19","unpopularopinion",4738204,"2024-05-23T08:54:18.204156Z"
"[{""rating"":1}]",2347,"2","chutiyabehenchod",29046652369.0,"Bruh historically doesnt mean it needs to be 1000 years old. even 5 year old culture is technically history",0,"2024-05-22T20:03:28.850643Z","2020-04-13 11:41:02","[{""rating"":1}]","[{""rating"":1}]",2,"[{""rating"":1}]",34058605142,"[{""rating"":1}]","[{""rating"":1}]","[{""rating"":1}]",57.661,968201108,"[{""rating"":1}]","[{""rating"":1}]",34058502875,"[{""rating"":1}]","https://www.reddit.com/r/unpopularopinion/comments/g0fwr8/_/fn9m3x2/",2,"unpopularopinion_2","unpopularopinion",4738204,"2024-05-22T20:03:28.850657Z"
"[{""rating"":1}]",2348,"2","Hexxero",239647463471.0,"He's talking about how you have to buy a VR set if you want to play the game in the first place.",0,"2024-05-22T20:04:09.503216Z","2021-01-31 00:51:56","[{""rating"":1}]","[{""rating"":1}]",2,"[{""rating"":1}]",36124245784,"[{""rating"":1}]","[{""rating"":1}]","[{""rating"":1}]",39.856,1284836373,"[{""rating"":1}]","[{""rating"":1}]",36124045173,"[{""rating"":1}]","https://www.reddit.com/r/unpopularopinion/comments/l8yi39/_/glffyfs/",1,"unpopularopinion_2","unpopularopinion",4738204,"2024-05-22T20:04:09.503229Z"
"[{""rating"":1}]",2351,"2","coloneleranmorad",122470873119.0,"This is not my point. You might find arthouse films shitty. I completely respect that but how many arthouse films have you watched before you tell them shitty? or not arthouse films, just films from different countries? perhaps you have watched a lot and still find them shitty. I understand that but most people come to conclusion without watching movies out of America&amp;UK.",0,"2024-05-22T20:06:01.479245Z","2020-06-22 11:20:24","[{""rating"":3}]","[{""rating"":1}]",2,"[{""rating"":1}]",34564130766,"[{""rating"":1}]","[{""rating"":1}]","[{""rating"":1}]",111.4,1050939536,"[{""rating"":1}]","[{""rating"":4}]",34564042726,"[{""rating"":1}]","https://www.reddit.com/r/unpopularopinion/comments/hdpa4w/_/fvml9zi/",1,"unpopularopinion_2","unpopularopinion",4738204,"2024-05-22T20:06:01.479258Z"
"[{""rating"":1}]",2352,"2","Queen-of-meme",476011354851.0,"Yes but now this post was about addressing men who sits and complain about the bad gender roles yet do nothing about it.",0,"2024-05-22T20:07:41.594620Z","2020-05-14 18:33:20","[{""rating"":1}]","[{""rating"":1}]",2,"[{""rating"":1}]",34261983320,"[{""rating"":1}]","[{""rating"":1}]","[{""rating"":1}]",99.42,1000656164,"[{""rating"":1}]","[{""rating"":3}]",34261958822,"[{""rating"":1}]","https://www.reddit.com/r/unpopularopinion/comments/gjrj8k/_/fqmp7iw/",-1,"unpopularopinion_2","unpopularopinion",4738204,"2024-05-22T20:07:41.594631Z"
"[{""rating"":1}]",2353,"2","jombojo2",287429735562.0,"unpopular",0,"2024-05-22T20:08:09.735744Z","2019-06-20 13:01:03","[{""rating"":1}]","[{""rating"":1}]",2,"[{""rating"":1}]",32145812372,"[{""rating"":1}]","[{""rating"":1}]","[{""rating"":1}]",27.541,730402824,"[{""rating"":1}]","[{""rating"":1}]",32145606287,"[{""rating"":1}]","https://www.reddit.com/r/unpopularopinion/comments/c2v2fc/_/ermsbkk/",1,"unpopularopinion_2","unpopularopinion",4738204,"2024-05-22T20:08:09.735785Z"
"[{""rating"":1}]",2354,"2","Denserthancake",64061466.0,"â€œNow THIS is shitposting!â€",0,"2024-05-22T20:08:37.228139Z","2019-09-23 17:35:59","[{""rating"":1}]","[{""rating"":1}]",2,"[{""rating"":1}]",32726691029,"[{""rating"":4}]","[{""rating"":1}]","[{""rating"":1}]",26.309,799859687,"[{""rating"":1}]","[{""rating"":1}]",32725696506,"[{""rating"":1}]","https://www.reddit.com/r/unpopularopinion/comments/d87ron/_/f18mket/",2,"unpopularopinion_2","unpopularopinion",4738204,"2024-05-22T20:08:37.228158Z"
"[{""rating"":1}]",2356,"2","HeartyBeast","","Sure, and I absolutely agree - the stickiness and the public commitment are the core aspects. It suits some people, not others. I just think that the 'it's bullshit' line is a little ... unnuanced :) 

There's something about finding that person, and saying. ""That's it. I'll look after you forever"" which makes it an astonishing commitment.

And if that commitment fails, it will be astonishingly painful. Perhaps fewer people should get married? I'm not sure.",0,"2024-05-22T20:11:02.297540Z","2014-03-20 21:50:01","[{""rating"":1}]","[{""rating"":1}]",3,"[{""rating"":1}]",27101864478,"[{""rating"":1}]","[{""rating"":1}]","[{""rating"":2}]",144.237,122502334,"[{""rating"":1}]","[{""rating"":1}]",27101812356,"[{""rating"":5}]","https://www.reddit.com/r/changemyview/comments/20xnem/_/cg7r0gu/",3,"data_driven_civil_discourse_subset_3","changemyview",4855832,"2024-05-22T20:11:02.297554Z"
"[{""rating"":1}]",2357,"2","Fuckn_hipsters","","Yep, that is exactly how it plays out in the Olympics, and in my opinion should play out in college athletics.",0,"2024-05-22T20:12:27.700695Z","2015-02-24 21:17:36","[{""rating"":1}]","[{""rating"":1}]",13,"[{""rating"":1}]",27626253705,"[{""rating"":1}]","[{""rating"":1}]","[{""rating"":1}]",137.205,176352209,"[{""rating"":1}]","[{""rating"":1}]",27626225725,"[{""rating"":1}]","https://www.reddit.com/r/changemyview/comments/2wzu8h/_/covyhs9/",1,"data_driven_civil_discourse_subset_10-19","changemyview",4855832,"2024-05-23T08:57:37.798921Z"
"[{""rating"":5}]",2358,"2","Nepene","","Thanks. Ideally, put it in a new comment, since delta bot only reads new comments.

Ideally with alien technology we can make superior robots.",0,"2024-05-22T20:13:08.396062Z","2016-10-15 01:36:18","[{""rating"":1}]","[{""rating"":1}]",5,"[{""rating"":1}]",28829900497,"[{""rating"":1}]","[{""rating"":1}]","[{""rating"":1}]",39.741,314987131,"[{""rating"":1}]","[{""rating"":1}]",28829898334,"[{""rating"":1}]","https://www.reddit.com/r/changemyview/comments/57j9mj/_/d8sktld/",1,"data_driven_civil_discourse_subset_4-9","changemyview",4855832,"2024-05-22T20:13:08.396075Z"
"[{""rating"":1}]",2359,"2","Hq3473","","&gt; Wouldn't my original assertion still hold true since some people retain a sense of childlike innocence past 18 years? Like toy makers or children's book writers. Wouldn't they still be able to see the taste then?

If that were true, then some adults (toy makers or children's book writers) should have been able to understand why kids love the taste of Cinnamon Toast Crunch even in 1995.  Yet we know for a fact that they were not able to.

Perhaps losing the ability to understand why kids love the taste of Cinnamon Toast Crunch is what defines child-to-adult transition.

Perhaps *people* who retain a sense of childlike innocence never truly become ""adults."" 


",0,"2024-05-22T20:15:31.530654Z","2016-03-01 17:34:43","[{""rating"":1}]","[{""rating"":1}]",3,"[{""rating"":3}]",28331024959,"[{""rating"":1}]","[{""rating"":1}]","[{""rating"":2}]",142.182,256095391,"[{""rating"":1}]","[{""rating"":1}]",28331016708,"[{""rating"":1}]","https://www.reddit.com/r/changemyview/comments/48h0gv/_/d0jk6rj/",109,"data_driven_civil_discourse_subset_3","changemyview",4855832,"2024-05-22T20:15:31.530667Z"
"[{""rating"":1}]",2362,"2","Glory2Hypnotoad","","Fantasy can and often does tackle philosophical thought experiments. The ability to show a world fundamentally different from our own serves to take issues that are tied up in specifics in our world and abstract them to their logical form. It also makes us question which elements of our own world are essential and which are accidental, since we have a potentially infinite range of fantasy worlds but our sample size for real worlds is one. The Ones Who Walk Away From Omelas is a critique of utilitarianism. Wheel of Time explores the memetic nature of myths and the psychological burden of concepts like destiny.",0,"2024-05-22T20:17:15.843671Z","2018-04-30 15:39:55","[{""rating"":1}]","[{""rating"":1}]",3,"[{""rating"":4}]",30367138281,"[{""rating"":1}]","[{""rating"":1}]","[{""rating"":1}]",103.541,510230595,"[{""rating"":1}]","[{""rating"":1}]",30366842113,"[{""rating"":1}]","https://www.reddit.com/r/changemyview/comments/8fs0g3/_/dy7t5ux/",2,"data_driven_civil_discourse_subset_3","changemyview",4855832,"2024-05-22T20:17:15.843683Z"
"[{""rating"":1}]",2387,"2","I_want_to_choose","","No, because Christians believe in God and believe that he actually does the things they attribute to him. They absolutely have hope in the present life.

Your hope and purpose doesn't need to be grounded in reality. 

Consider two patients facing cancer. One has hope that God will heal him. One doesn't believe in God. God doesn't exist. Does that mean that the person who believes in God doesn't have hope any more? No, because that person believes in God. Belief in God is enough to provide hope; the actual presence and action of God is not necessary.

Honestly, were I an all-knowing, all-seeing deity who wants a creation with free will, I would make sure that the creation benefits from belief in God without needing physical proof. In this interesting scenario, the deity would indeed have no need to prove himself via miracles beyond the initial development of the faith. I'm not saying that this is what is happening, but the Bible makes it clear that free will is a priority in creation. ",0,"2024-05-23T03:48:43.908031Z","2018-02-28 06:09:47","[{""rating"":1}]","[{""rating"":6}]",5,"[{""rating"":3}]",30169537932,"[{""rating"":1}]","[{""rating"":1}]","[{""rating"":2}]",26815.969,485081394,"[{""rating"":1}]","[{""rating"":4}]",30169525443,"[{""rating"":1}]","https://www.reddit.com/r/changemyview/comments/80sz76/_/duy5wgc/",1,"data_driven_civil_discourse_subset_4-9","changemyview",4855832,"2024-05-23T03:48:43.908044Z"
"[{""rating"":1}]",2388,"2","IIIBlackhartIII",27405438.0,"I think it's more valuable to specifically and explicitly distinguish between ""racism"" and ""systemic racism"" at least in common parlance. While the academic definition certainly distinguishes the institutionalised oppression of class, that's not the colloquial usage. When most people talk about having experienced ""racism"", I think what they're referring to is predominantly what you seem to define as specifically simply ""prejudice"". If you think of it like a venn diagram, this overlap between the academic and colloquial definitions just leads to ambiguity in meaning, which I think hurts the conversation and doesn't provide a productive solution, and if anything gives ammunition to those who hold prejudicial views because it just makes it feel like the game is rigged even from the perspective of the language being used- bigotry and hate thrive in ignorance and fear of the unknown, so dissolving the foundation of even common language hurts efforts to expand narrowminded people's horizons. I think the function of language should be clarity, and making an effort to specifically and distinctively separate the concepts of the common experience of encountering ""a racist"" and therefore ""encountering racism"" versus the more abstract experience of being victim of institutionalised racial prejudice and therefore ""being racially oppressed"" is a worthwhile endeavour. As such I would say that a white person even in contemporary America can in fact encounter ""racism"" just as anyone can, but absolutely are not in a position as the majority power to be victim of institutionalised oppression. ",0,"2024-05-23T03:52:19.907703Z","2018-12-30 10:22:49","[{""rating"":4}]","[{""rating"":1}]",3,"[{""rating"":4}]",31252859269,"[{""rating"":1}]","[{""rating"":1}]","[{""rating"":3}]",160.432,622873106,"[{""rating"":1}]","[{""rating"":1}]",31252824509,"[{""rating"":1}]","https://www.reddit.com/r/changemyview/comments/aaubyq/_/ecv58jp/",3,"data_driven_civil_discourse_subset_3","changemyview",4855832,"2024-05-23T03:52:19.907715Z"
"[{""rating"":1}]",2389,"2","Delaware_is_a_lie",91650544314.0,"&gt;everyone else I know who is also a part of it are mature adults

Right but youâ€™re on reddit so itâ€™s skews toward the younger and less mature demographic. 

&gt;I find it highly unlikely that a small minority of â€œangstyâ€ malcontents could get such traction on their posts without help.

This website typically promotes the more extreme aspects of different ideologies. Add that to my other comment and you can see the results on /r/WayOfTheBern",0,"2024-05-23T03:56:25.451676Z","2020-03-16 17:30:21","[{""rating"":1}]","[{""rating"":1}]",3,"[{""rating"":1}]",33901568886,"[{""rating"":1}]","[{""rating"":1}]","[{""rating"":1}]",245.205,940037574,"[{""rating"":1}]","[{""rating"":1}]",33901516431,"[{""rating"":5}]","https://www.reddit.com/r/changemyview/comments/fjo9mu/_/fko49yu/",8,"data_driven_civil_discourse_subset_3","changemyview",4855832,"2024-05-23T03:56:25.451688Z"
"[{""rating"":1}]",2390,"2","SouthSimongo",222980141844.0,"the philosophytube video sums it up really well imo, in a clear way as well.",0,"2024-05-23T03:57:17.341140Z","2020-06-27 13:19:08","[{""rating"":1}]","[{""rating"":1}]",2,"[{""rating"":1}]",34596588687,"[{""rating"":1}]","[{""rating"":1}]","[{""rating"":1}]",51.526,1056158254,"[{""rating"":1}]","[{""rating"":1}]",34596568823,"[{""rating"":1}]","https://www.reddit.com/r/changemyview/comments/hgt4xa/_/fw5wyof/",3,"data_driven_civil_discourse_subset_2","changemyview",4855832,"2024-05-23T03:57:17.341153Z"
"[{""rating"":1}]",2391,"2","lehigh_larry",52575702.0,"I did cite a studyï¿¼ from the San Fran fed. Here it is again in [this Vox article](https://www.vox.com/23036340/biden-american-rescue-plan-inflation).",0,"2024-05-23T03:57:57.599037Z","2022-05-18 18:41:16","[{""rating"":1}]","[{""rating"":1}]",10,"[{""rating"":1}]",39732700373,"[{""rating"":1}]","[{""rating"":1}]","[{""rating"":3}]",39.962,1861503493,"[{""rating"":1}]","[{""rating"":1}]",39732124337,"[{""rating"":1}]","https://www.reddit.com/r/changemyview/comments/usahad/_/i93tnth/",2,"data_driven_civil_discourse_subset_10-19","changemyview",4855832,"2024-05-23T03:57:57.599049Z"
"[{""rating"":1}]",2392,"2","ralph-j",6164020.0,"It looked like an integral part of your argument, especially when you start talking about ""inner turmoil"":

&gt;&gt; This is important because stating that a woman is a woman because they identify as one negates the harsh reality that transgender individuals do NOT just identify as their desired sex. Along with their identification they experience intense scrutiny, inner turmoil, and confusion on their path to be themselves. Real, medically documented turmoil.

You appear to be saying here that turmoil is a necessary requirement because being a woman cannot just be through self-identification?",0,"2024-05-23T04:00:59.116024Z","2022-08-29 17:00:39","[{""rating"":5}]","[{""rating"":1}]",5,"[{""rating"":1}]",40529135002,"[{""rating"":1}]","[{""rating"":1}]","[{""rating"":3}]",181.232,1996728354,"[{""rating"":1}]","[{""rating"":1}]",40529093304,"[{""rating"":1}]","https://www.reddit.com/r/changemyview/comments/x0stgi/_/ima00pm/",6,"data_driven_civil_discourse_subset_4-9","changemyview",4855832,"2024-05-23T04:00:59.116038Z"
"[{""rating"":1}]",2393,"2","hacksoncode",161685.0,"&gt; is it really stimulating the economy more than if the first person just went and bought groceries with the money

Someone gets that money for the house. So yes. Also, loans are not only long-term obligations such as mortgages, but also unsecured short term loans like credit cards, which almost *entirely* go directly into the economy. 

Note, though, that this isn't an argument about the rich's money ""trickling down"" to poorer people, as these kinds of loans actually exacerbate inequality, if one thinks that's something important to care about. 

It's only an argument that it doesn't result in lower velocity of money, but rather higher.",0,"2024-05-23T04:02:39.537705Z","2020-08-03 17:17:10","[{""rating"":4}]","[{""rating"":1}]",3,"[{""rating"":1}]",34842459860,"[{""rating"":1}]","[{""rating"":1}]","[{""rating"":3}]",99.451,1093407187,"[{""rating"":1}]","[{""rating"":1}]",34842420700,"[{""rating"":1}]","https://www.reddit.com/r/changemyview/comments/i2zidv/_/g08au38/",6,"data_driven_civil_discourse_subset_3","changemyview",4855832,"2024-05-23T04:02:39.537718Z"
"[{""rating"":1}]",2394,"2","speedythesequel",14162994113.0,"I cant see how you can honestly hold the position that you are 100% a sadist, with anti social personality traits,

and you are certain, that you are a normal person and not suffering from a mental disorder.

""I enjoy killing animals and watching friends die in car accidents. I'm completely normal."" 

There has to be some part of you that realises that being a sadist, is part of the DSM-5, and is classified as a personality disorder, which makes it a mental disorder.

Which renders your entire argument moot, when you argue that your opinion is normal because you are sane.

You cannot be a sadist that acts on your impulses, and claim to be normal. You are simply a sadist that has not been caught. You're just a smart sadist that blends in, thats it. 

Being caught for killing an animal and enjoying it, is the only reason that you arent diagnosed with a sadistic personality disorder. Which means the entire basis of your argument, is defined by you getting caught.",0,"2024-05-23T04:04:36.612826Z","2019-11-17 07:21:22","[{""rating"":1}]","[{""rating"":1}]",15,"[{""rating"":1}]",33120613538,"[{""rating"":1}]","[{""rating"":1}]","[{""rating"":3}]",116.677,842242889,"[{""rating"":1}]","[{""rating"":1}]",33120537017,"[{""rating"":1}]","https://www.reddit.com/r/changemyview/comments/dxg6rt/_/f7r5oyq/",3,"data_driven_civil_discourse_subset_10-19","changemyview",4855832,"2024-05-23T04:04:36.612838Z"
"[{""rating"":1}]",2395,"2","sessamekesh",43099694.0,"Out of curiosity, I went through the first couple dozen of my LinkedIn connections to try to identify the professional benefit I either get or hope to get from each connection:

* Works/worked in field I want/wanted to work in: 4
* Contact I might turn to if looking for talent: 5
* Industry-specific contacts with no specific goal: 6
* Non-industry-specific contacts with no specific goal: 8

I also tallied the ones that I feel like I have a sort of personal connection with beyond work:

* Had existing personal or workplace connection: 10
* Formed personal connection through networking context: 3
* No personal connection or interest in forming one: 11

*EDIT: I still like the ""no specific goal"" connections, I've found myself reaching out to someone in this group many times to get direct firsthand professional insight about some business or industry, and on many occasions I've been more than glad to help contacts who have reached out to me for the same.*",0,"2024-05-23T04:05:49.145581Z","2021-11-18 04:19:58","[{""rating"":1}]","[{""rating"":1}]",2,"[{""rating"":1}]",38280021099,"[{""rating"":1}]","[{""rating"":1}]","[{""rating"":1}]",72.096,1626520105,"[{""rating"":1}]","[{""rating"":1}]",38279906238,"[{""rating"":1}]","https://www.reddit.com/r/changemyview/comments/qwdyy1/_/hl2xpbf/",1,"data_driven_civil_discourse_subset_2","changemyview",4855832,"2024-05-23T04:05:49.145595Z"
"[{""rating"":1}]",2396,"2","Z7-852",42619765.0,"Few notes:

1. If you take just the story from any tv-show, film or even book, they are nothing special. They are just same hero's journey one after another. ""Story"" doesn't exist in a vacuum but is always part of art direction, world building and style.
2. Story of Dark Souls as whole is something I haven't countered in any other media. I have read lot of stories of depression, self discovery or sacrifice but none are tied to same kind of grand mythology as Dark Souls. It's story and way it tells it's story are both unique. Or can you tell of a film that tells the same story?
3. Dark souls is not just a story. It's multiple stories and players/chosen undeads story is just one of them.
4. Finally Dark Souls disproves your position by counter example. Video games when done right can be not just good but more unique storytelling medium than anything out there.",0,"2024-05-23T04:07:09.043570Z","2023-06-02 05:16:39","[{""rating"":4}]","[{""rating"":1}]",3,"[{""rating"":1}]",42724049800,"[{""rating"":1}]","[{""rating"":1}]","[{""rating"":1}]",79.596,2415434957,"[{""rating"":1}]","[{""rating"":1}]",42723996853,"[{""rating"":1}]","https://www.reddit.com/r/changemyview/comments/13y35jh/_/jmksnt4/",3,"data_driven_civil_discourse_subset_3","changemyview",4855832,"2024-05-23T04:07:09.043582Z"
"[{""rating"":1}]",2397,"2","buttzillalives","","I have, but I don't recall the answers that I was given. I certainly didn't understand them. Can you explain it?",0,"2024-05-23T04:08:09.803381Z","2014-02-10 16:57:09","[{""rating"":3}]","[{""rating"":1}]",2,"[{""rating"":1}]",27048156165,"[{""rating"":1}]","[{""rating"":1}]","[{""rating"":1}]",60.428,116783136,"[{""rating"":1}]","[{""rating"":1}]",27048150741,"[{""rating"":1}]","https://www.reddit.com/r/changemyview/comments/1xj2g0/_/cfbruv9/",0,"data_driven_civil_discourse_subset_2","changemyview",4855832,"2024-05-23T04:08:09.803393Z"
"[{""rating"":1}]",2398,"2","tildodildo","","no, it is not a problem. but it is when the Waltons own half the wealth of the US and a great percentage of their people are on government assistance. No one works harder than 160mil people so the 'they worked for it' argument is invalid. Also, you know, theyre heirs. ",0,"2024-05-23T04:09:19.016611Z","2017-07-25 18:29:28","[{""rating"":1}]","[{""rating"":6}]",6,"[{""rating"":1}]",29550260172,"[{""rating"":1}]","[{""rating"":1}]","[{""rating"":1}]",68.92,405586978,"[{""rating"":1}]","[{""rating"":1}]",29550191102,"[{""rating"":1}]","https://www.reddit.com/r/changemyview/comments/6ph4wy/_/dkpgmoc/",0,"data_driven_civil_discourse_subset_4-9","changemyview",4855832,"2024-05-23T04:09:19.016623Z"
"[{""rating"":5}]",2399,"2","fruitoftheloom18",70698232.0,"Alright. You got me. How do I award deltas? Can I even do that here? Sorry Iâ€™m pretty new to this subreddit.",0,"2024-05-23T04:10:14.387304Z","2018-10-20 12:02:53","[{""rating"":1}]","[{""rating"":1}]",14,"[{""rating"":1}]",30965644531,"[{""rating"":1}]","[{""rating"":1}]","[{""rating"":1}]",55.017,586701061,"[{""rating"":1}]","[{""rating"":1}]",30961324589,"[{""rating"":1}]","https://www.reddit.com/r/changemyview/comments/9pb1fp/_/e84588j/",2,"data_driven_civil_discourse_subset_10-19","changemyview",4855832,"2024-05-23T04:10:14.387318Z"
"[{""rating"":1}]",2400,"2","MrObsidy",11257790957.0,"Yes. I do not debate that. What I debate is that I think this is wrong.",0,"2024-05-23T04:12:38.490631Z","2019-02-20 15:37:19","[{""rating"":1}]","[{""rating"":1}]",14,"[{""rating"":1}]",31495801686,"[{""rating"":1}]","[{""rating"":1}]","[{""rating"":1}]",137.575,652712049,"[{""rating"":1}]","[{""rating"":1}]",31495798926,"[{""rating"":1}]","https://www.reddit.com/r/changemyview/comments/aslvu9/_/egvsc46/",1,"data_driven_civil_discourse_subset_10-19","changemyview",4855832,"2024-05-23T04:12:38.490644Z"
"[{""rating"":1}]",2401,"2","elbeanodeldino",34303338.0,"I'm not convinced about this. [This article](https://capitalresearch.org/article/party-one-percent/) disputes what you wrote for example.",1,"2024-05-23T04:13:06.708971Z","2019-05-06 14:51:14","[{""rating"":1}]","[{""rating"":1}]",2,"[{""rating"":1}]",31844542524,"[{""rating"":1}]","[{""rating"":1}]","[{""rating"":1}]",27.929,700980225,"[{""rating"":1}]","[{""rating"":1}]",31844430803,"[{""rating"":1}]","https://www.reddit.com/r/changemyview/comments/blcfsx/_/emnf29o/",2,"data_driven_civil_discourse_subset_2","changemyview",4855832,"2024-05-23T04:13:06.708983Z"
"[{""rating"":1}]",2402,"2","chronus_poo",63861015.0,"1) The property of resident non-citizens has been seized many times in the past without due process (which I think has been upheld by the courts). Assange is an even worse legal situation because he is not even a resident non-citizen. He is a non-resident. Foreign targets are spied on by the CIA without any warrant, whereas a warrant is needed for domestic targets. That would be a pretty obvious violation of the 4th amendment if we extended the Bill of Rights to everyone on the globe.

2) You're right that I'm taking some liberties with that term. It's the same overall idea, though.",0,"2024-05-23T04:15:58.126483Z","2019-06-02 14:19:45","[{""rating"":1}]","[{""rating"":1}]",2,"[{""rating"":4}]",32035759292,"[{""rating"":1}]","[{""rating"":1}]","[{""rating"":1}]",171.076,718709940,"[{""rating"":4}]","[{""rating"":1}]",32035477969,"[{""rating"":1}]","https://www.reddit.com/r/changemyview/comments/bvwg50/_/ept9i2k/",0,"data_driven_civil_discourse_subset_2","changemyview",4855832,"2024-05-23T04:15:58.126495Z"
"[{""rating"":1}]",2403,"2","rollingtank",29655499.0,"You have put up quite a convincing argument here, perhaps the strongest reasoning yet. But isn't it still up to interpretation wether this relationship is a quasi-religious one or something more aligned to a traditional father and son bond?",0,"2024-05-23T04:16:59.049861Z","2019-12-26 22:52:13","[{""rating"":1}]","[{""rating"":1}]",2,"[{""rating"":1}]",33383903677,"[{""rating"":1}]","[{""rating"":1}]","[{""rating"":1}]",60.569,873489752,"[{""rating"":1}]","[{""rating"":6}]",33383870602,"[{""rating"":1}]","https://www.reddit.com/r/changemyview/comments/eg1x08/_/fc3wwxp/",19,"data_driven_civil_discourse_subset_2","changemyview",4855832,"2024-05-23T04:16:59.049878Z"
"[{""rating"":1}]",2404,"2","chinmakes5",22995157.0,"Totally agree.  My point isn't the original investors or even the investors who bought into the IPOs.  Why I am saying I don't begrudge Bezos his money.  I'm talking about the people who bought in two years ago, buying from other investors so that money doesn't touch Amazon, but make a fantastic return.",1,"2024-05-23T04:18:57.354956Z","2021-09-18 15:43:36","[{""rating"":3}]","[{""rating"":1}]",2,"[{""rating"":1}]",37812104904,"[{""rating"":1}]","[{""rating"":1}]","[{""rating"":1}]",117.978,1556432617,"[{""rating"":1}]","[{""rating"":1}]",37812047573,"[{""rating"":1}]","https://www.reddit.com/r/changemyview/comments/pqnr3d/_/hdccmvc/",0,"data_driven_civil_discourse_subset_2","changemyview",4855832,"2024-05-23T04:18:57.354971Z"
"[{""rating"":5}]",2405,"2","Krenztor",36942428.0,"Thanks for your reply!

&amp;#x200B;

Here's a question, let's say you have two theoretical humans.  One has free will and the other doesn't.  Let's not worry about how one can or can't have free will.  Let's just assume that this is the case.  Your job is to test which one has free will and which doesn't.  How would you test this?  When I think of not having free will, I think of someone who acts logically and not based on impulse.  They don't run into walls because it is illogical.  So if someone does run into a wall intentionally, they probably have free will because it makes no sense to run into a wall.  So to me, seeing the ability to act intentionally illogically would seem to suggest free will.

&amp;#x200B;

The thing I've taken away from the other commenters the most in this debate so far is that their reasons for believing there is no free will can often be turned around as proof of free will.  For example, you say that a person being pressured by an outside force can be made to take certain actions.  This is because a person needs to be able to evaluate a large number of things and then apply all of those to make a decision.  This makes sense for a person who can actually make a choice.  If they are under duress or at least feel like they are, they may bow to the person or thing putting them in that position.  But if they have no free will then I'd reason that it makes less sense for them to give in because why would their actions be based on abstract things such as duress?  They would be able to make actions without needing to evaluate such trivial things and do things more coldly and logically.

&amp;#x200B;

Maybe we are also using different criteria to determine what is free will.  You are quite concerned with outside forces affecting our decisions.  This draws me back to the question about the wall.  I don't feel like walking around the wall instead of attempting to walk through it has any indication as to whether I can make a choice or not.  Why should it?  I evaluated the situation and make a decision.  If I choose to eat only after first being influenced by the smell of food, I don't see that as evidence against free will either.  I again evaluated a situation and made a decision.  Clearly there are always going to be outside forces involved in decision making.  Heck, just the ability to breathe affects every decision you make.  If you can't breathe you certainly will make different decisions than if you can breathe.",0,"2024-05-23T04:21:01.763672Z","2019-10-10 11:15:30","[{""rating"":3}]","[{""rating"":1}]",4,"[{""rating"":3}]",32843453034,"[{""rating"":1}]","[{""rating"":1}]","[{""rating"":4}]",124.123,812447761,"[{""rating"":4}]","[{""rating"":1}]",32841824968,"[{""rating"":1}]","https://www.reddit.com/r/changemyview/comments/dfpkpd/_/f3656ju/",2,"data_driven_civil_discourse_subset_4-9","changemyview",4855832,"2024-05-23T04:21:01.763697Z"
"[{""rating"":1}]",2406,"2","Funboxtha3rd",11373704.0,"Your 2nd point is interesting to me.  I 100% agree with you that the fact that we live in a society in which women need to be armed is sad.  I'm incredibly skeptical that we could push societal change on a large enough scale in the U.S. to eliminate the need for firearms based on the fact that nearly 250 years later, race is still an issue to the level that the Buffalo shooting happened. I wish one of those people in the store was armed so they could have put that psycho in the dirt.",0,"2024-05-23T04:23:25.802040Z","2022-05-23 18:11:01","[{""rating"":1}]","[{""rating"":1}]",2,"[{""rating"":1}]",39769294501,"[{""rating"":1}]","[{""rating"":1}]","[{""rating"":1}]",143.746,1867996260,"[{""rating"":2}]","[{""rating"":1}]",39769147586,"[{""rating"":1}]","https://www.reddit.com/r/changemyview/comments/uw5n50/_/i9pm011/",271,"data_driven_civil_discourse_subset_2","changemyview",4855832,"2024-05-23T04:23:25.802051Z"
"[{""rating"":1}]",2407,"2","Spider-Man-fan",57147760764.0,"Are â€˜lyingâ€™ and â€˜deceivingâ€™ the same thing? I definitely think there are cases where lying is ok, or even the morally correct action to take.",0,"2024-05-23T04:24:36.558924Z","2022-05-29 06:59:50","[{""rating"":4}]","[{""rating"":1}]",12,"[{""rating"":1}]",39811058369,"[{""rating"":1}]","[{""rating"":1}]","[{""rating"":1}]",70.405,1874339382,"[{""rating"":1}]","[{""rating"":1}]",39811035583,"[{""rating"":4}]","https://www.reddit.com/r/changemyview/comments/uzxliu/_/iaeh58h/",1,"data_driven_civil_discourse_subset_10-19","changemyview",4855832,"2024-05-23T04:24:36.558936Z"
"[{""rating"":1}]",2408,"2","Ansuz07",21491549.0,"If the goal is to increase the number of donor organs - a cause I fully agree with - then lets try positive reinforcement first before we jump to punishing people for their choices.  Maybe tax credits for people who are donors, or a full opt-out system where everyone is assumed to be a donor by default.

We love to start with punishment solutions without even trying others first.

&gt;Doctors would, just as it is now, have a clear set of criteria to decide these cases.

Except now you are giving them criteria that are outside of their medical opinion and into their _moral_ opinion, which is the concern.  I don't like the idea of the people in power getting to decide who lives or dies based on their own moral calculus.  That is too dangerous a door to ever allow to be opened.",0,"2024-05-23T04:26:14.628563Z","2020-07-15 19:19:30","[{""rating"":1}]","[{""rating"":1}]",3,"[{""rating"":1}]",34718189155,"[{""rating"":1}]","[{""rating"":1}]","[{""rating"":2}]",97.776,1074604004,"[{""rating"":1}]","[{""rating"":1}]",34718177708,"[{""rating"":5}]","https://www.reddit.com/r/changemyview/comments/hrshr8/_/fy6ba77/",270,"data_driven_civil_discourse_subset_3","changemyview",4855832,"2024-05-23T04:26:14.628576Z"
"[{""rating"":1}]",2409,"2","johnnyhavok2",22594305.0,"What a worthless comment.

**Edit -- The irony wasn't lost on me how worthless this comment was, too. [Rectified here.](https://www.reddit.com/r/changemyview/comments/kuqson/cmv_accidentally_offending_someone_is_not_the/gix604x/)**",0,"2024-05-23T04:26:57.494885Z","2021-01-11 14:37:46","[{""rating"":1}]","[{""rating"":1}]",4,"[{""rating"":1}]",35970422262,"[{""rating"":5}]","[{""rating"":1}]","[{""rating"":1}]",47.93300000000001,1260962231,"[{""rating"":1}]","[{""rating"":1}]",35966530655,"[{""rating"":1}]","https://www.reddit.com/r/changemyview/comments/kuqson/_/givuzg6/",0,"data_driven_civil_discourse_subset_4-9","changemyview",4855832,"2024-05-23T09:00:23.465001Z"
"[{""rating"":1}]",2410,"2","Queso_and_Molasses",27748873839.0,"To your first point, there are studies showing that weight stigma impacts hiring. Not being hired because of your weight seems to match your definition of oppression (not given the same opportunity). 


https://bmcpublichealth.biomedcentral.com/articles/10.1186/1471-2458-12-525#:~:text=Obese%20people%20were%20more%20often,most%20pronounced%20in%20obese%20females.",0,"2024-05-23T04:27:55.611624Z","2023-10-12 03:57:53","[{""rating"":1}]","[{""rating"":1}]",3,"[{""rating"":1}]",43808847390,"[{""rating"":1}]","[{""rating"":1}]","[{""rating"":3}]",57.829,2609925898,"[{""rating"":1}]","[{""rating"":1}]",43808576953,"[{""rating"":1}]","https://www.reddit.com/r/changemyview/comments/175vrpm/_/k4inmzi/",1,"data_driven_civil_discourse_subset_3","changemyview",4855832,"2024-05-23T04:27:55.611637Z"
"[{""rating"":1}]",2411,"2","xGodLover77",298270536398.0,"What does it have to do with what I said? Thereâ€™s no contradiction in cultivating food and philosophy, people have been doing it for millennia",0,"2024-05-23T04:28:39.135534Z","2020-01-08 22:56:56","[{""rating"":1}]","[{""rating"":1}]",2,"[{""rating"":1}]",33473890271,"[{""rating"":1}]","[{""rating"":1}]","[{""rating"":1}]",43.213,883479556,"[{""rating"":1}]","[{""rating"":1}]",33473846250,"[{""rating"":1}]","https://www.reddit.com/r/changemyview/comments/em016s/_/fdlhn1b/",1,"data_driven_civil_discourse_subset_2","changemyview",4855832,"2024-05-23T04:28:39.135549Z"
"[{""rating"":1}]",2412,"2","JianJiaHei",23174767999018.0,"So if I ask the HR to find me the money owe to me, all she has to find is $100, because I believe my boss is cheating my overtime pay, even if my belief is false, does that make it a crime?

Again, do I think he knew about it and that he belongs to jail? Yes, I just don't know if that phone call is enough to establish a direct linkage of acknowledgement.",0,"2024-05-23T04:29:31.987795Z","2023-10-30 02:51:52","[{""rating"":4}]","[{""rating"":1}]",6,"[{""rating"":1}]",43961478605,"[{""rating"":1}]","[{""rating"":1}]","[{""rating"":1}]",52.56,2632439409,"[{""rating"":1}]","[{""rating"":1}]",43959198745,"[{""rating"":1}]","https://www.reddit.com/r/changemyview/comments/17jab8x/_/k71j1zh/",1,"data_driven_civil_discourse_subset_4-9","changemyview",4855832,"2024-05-23T04:29:31.987808Z"
"[{""rating"":1}]",2413,"2","Nepene",15392442.0,"You proposed a grand theory, the pleasure principle, in your post.",0,"2024-05-23T04:30:26.322053Z","2022-06-26 15:43:59","[{""rating"":1}]","[{""rating"":1}]",7,"[{""rating"":1}]",40017564232,"[{""rating"":1}]","[{""rating"":1}]","[{""rating"":1}]",80.372,1909822851,"[{""rating"":1}]","[{""rating"":1}]",40017541361,"[{""rating"":1}]","https://www.reddit.com/r/changemyview/comments/vl24qr/_/idtfa6g/",1,"data_driven_civil_discourse_subset_4-9","changemyview",4855832,"2024-05-23T09:00:56.400116Z"
"[{""rating"":1}]",2414,"2","wasframed",18977689.0,"So you just linked the LTC warranty info that they give to their civilian customers?   


So, you admit they sell to civilians?    


You literally just disproved your own point, lol.",0,"2024-05-23T04:31:09.022687Z","2023-08-28 20:27:52","[{""rating"":3}]","[{""rating"":1}]",15,"[{""rating"":1}]",43423077651,"[{""rating"":1}]","[{""rating"":1}]","[{""rating"":1}]",42.362,2544502437,"[{""rating"":1}]","[{""rating"":1}]",43423035459,"[{""rating"":1}]","https://www.reddit.com/r/changemyview/comments/162xin9/_/jy4z95f/",1,"data_driven_civil_discourse_subset_10-19","changemyview",4855832,"2024-05-23T04:31:09.022700Z"
"[{""rating"":1}]",2415,"2","294116002","","But you would presumably be making this speech to a much, much larger audience. I'll assume you're from the U.S, so you'll have the ears of at least 300,000,000 people, and the authority to make them at least listen. Rather than the 11,000 subscribers to this subreddit who may or may not actually read or pay attention to anything at all. ",0,"2024-05-23T04:32:30.872375Z","2013-04-21 02:28:49","[{""rating"":1}]","[{""rating"":1}]",13,"[{""rating"":1}]",26698186808,"[{""rating"":1}]","[{""rating"":1}]","[{""rating"":1}]",81.569,81889703,"[{""rating"":1}]","[{""rating"":1}]",26698182384,"[{""rating"":1}]","https://www.reddit.com/r/changemyview/comments/1cr6hz/_/c9jess8/",1,"data_driven_civil_discourse_subset_10-19","changemyview",4855832,"2024-05-23T04:32:30.872387Z"
"[{""rating"":1}]",2416,"2","shakes-peare",42189451398.0,"87% of the party supports Trump. Most if not all of mainstream conservative news sources are unyieldingly Pro Trump. And their policies have devolved from policies that counter Democrats to, frankly, extreme and nonsensical policies. Their values used to be upholding free market, a strong military, Etc. Not inherently moral or immoral views. Depends on who you ask. Radical and inhumane views have become mainstream now. Waterboarding, withholding human rights from people based on sexual orientation, refusing to give immigrants fair trials. Letting domestic abuse perpetrators own guns. These are immoral things and they've come to light in the mainstream.",0,"2024-05-23T04:34:39.919948Z","2018-07-22 04:26:30","[{""rating"":1}]","[{""rating"":1}]",4,"[{""rating"":3}]",30645291213,"[{""rating"":1}]","[{""rating"":1}]","[{""rating"":3}]",128.722,545645229,"[{""rating"":4}]","[{""rating"":1}]",30645216497,"[{""rating"":1}]","https://www.reddit.com/r/changemyview/comments/90v2jx/_/e2tey19/",9,"data_driven_civil_discourse_subset_4-9","changemyview",4855832,"2024-05-23T04:34:39.919959Z"
"[{""rating"":1}]",2417,"2","fox-mcleod",13487895245.0,"This is exactly the issue I pointed out. Your moral instinct is wildly self-inconsistent. We know it isnâ€™t logical. 

Rule 1 of logic â€” The principle of non-contradiction.

You said â€œit is immoral because the right to life in inalienableâ€

Inalienable refers to a right that cannot be surrendered. But now you hold the contradictory view that this doesnâ€™t mean assisted suicide is immoral. 

If I canâ€™t surrender my right to life so that you can eat me **because** that right is inalienable, then I canâ€™t surrender that right for any reason. Including assisted suicide.

I assert that really youâ€™re just grossed out by eating people and your rationalizing it as something to do with a right to life. You canâ€™t actually observe/intuit what is moral. This is just a moral illusion.",0,"2024-05-23T04:36:39.386202Z","2019-11-12 17:45:38","[{""rating"":1}]","[{""rating"":1}]",18,"[{""rating"":1}]",33095104947,"[{""rating"":1}]","[{""rating"":1}]","[{""rating"":5}]",119.185,838352255,"[{""rating"":3}]","[{""rating"":1}]",33095081372,"[{""rating"":1}]","https://www.reddit.com/r/changemyview/comments/dv4sqn/_/f7byyer/",1,"data_driven_civil_discourse_subset_10-19","changemyview",4855832,"2024-05-23T04:36:39.386213Z"
