permalink,annotator,aset,indirect_disagreement
https://www.reddit.com/r/AmItheAsshole/comments/10pivtf/_/j6l05yt/,nan,3,1
https://www.reddit.com/r/AmItheAsshole/comments/meyki4/_/gsknyri/,nan,3,1
https://www.reddit.com/r/AmItheAsshole/comments/io8fmv/_/g4e064h/,nan,3,1
https://www.reddit.com/r/AmItheAsshole/comments/sl6j7v/_/hvpeh5d/,nan,3,1
https://www.reddit.com/r/AmItheAsshole/comments/dkc9wd/_/f4cox08/,nan,3,1
https://www.reddit.com/r/AmItheAsshole/comments/fik2iq/_/fkia47z/,nan,3,1
https://www.reddit.com/r/AmItheAsshole/comments/xm8xkj/_/ipn5s4t/,nan,3,1
https://www.reddit.com/r/AmItheAsshole/comments/j4wggn/_/g7qqj4t/,nan,3,1
https://www.reddit.com/r/AmItheAsshole/comments/zmso18/_/j0ewhg7/,nan,3,1
https://www.reddit.com/r/AmItheAsshole/comments/jradah/_/gbvxa6g/,nan,3,1
https://www.reddit.com/r/AmItheAsshole/comments/bn6jf6/_/en3wlii/,nan,3,1
https://www.reddit.com/r/AmItheAsshole/comments/miq7ck/_/gt8w4hj/,nan,3,1
https://www.reddit.com/r/AmItheAsshole/comments/ipsy1q/_/g4mev5r/,nan,3,1
https://www.reddit.com/r/AmItheAsshole/comments/umjs1s/_/i84h6et/,nan,3,1
https://www.reddit.com/r/AmItheAsshole/comments/s34aul/_/hslczas/,nan,3,1
https://www.reddit.com/r/AmItheAsshole/comments/zq2d4o/_/j0vvhg6/,nan,3,1
https://www.reddit.com/r/AmItheAsshole/comments/s2ko7d/_/hsf45ou/,nan,3,1
https://www.reddit.com/r/AmItheAsshole/comments/viu67f/_/idhe7lv/,nan,3,1
https://www.reddit.com/r/AmItheAsshole/comments/qm6cvh/_/hjitwce/,nan,3,1
https://www.reddit.com/r/AmItheAsshole/comments/blich3/_/emprf6o/,nan,3,1
https://www.reddit.com/r/starcraft/comments/itzrob/_/g5imkqp/,nan,3,4
https://www.reddit.com/r/aww/comments/mceekj/_/gs3zo4h/,nan,3,1
https://www.reddit.com/r/NoStupidQuestions/comments/op5sgy/_/h6412bx/,nan,3,1
https://www.reddit.com/r/Gunners/comments/24839a/_/ch4izgb/,nan,3,1
https://www.reddit.com/r/OkCupid/comments/38qjsr/_/crx5wvb/,nan,3,1
https://www.reddit.com/r/pokemon/comments/qvl1c7/_/hkxamra/,nan,3,1
https://www.reddit.com/r/politics/comments/4drrgq/_/d1tq8l7/,nan,3,1
https://www.reddit.com/r/nfl/comments/4cp5u3/_/d1kyyza/,nan,3,5
https://www.reddit.com/r/Affairs/comments/hxq74z/_/fz8masy/,nan,3,1
https://www.reddit.com/r/AskReddit/comments/xaxt9t/_/inyo4n5/,nan,3,1
https://www.reddit.com/r/memes/comments/rryawt/_/hqjfu92/,nan,3,1
https://www.reddit.com/r/IndianTeenagers/comments/16wyqlm/_/k2zq2xl/,nan,3,1
https://www.reddit.com/r/pcmasterrace/comments/437exq/_/czgsmjh/,nan,3,4
https://www.reddit.com/r/MMORPG/comments/16ck3dj/_/jzppgty/,nan,3,1
https://www.reddit.com/r/entertainment/comments/wbes7o/_/ii8coq0/,nan,3,4
https://www.reddit.com/r/replika/comments/10xn8uj/_/j7uq01o/,nan,3,1
https://www.reddit.com/r/hockey/comments/zsmnu0/_/j19njde/,nan,3,5
https://www.reddit.com/r/AmItheAsshole/comments/rhc1nf/_/hopqcix/,nan,3,1
https://www.reddit.com/r/Random_Acts_Of_Amazon/comments/235dee/_/cgtmj9o/,nan,3,4
https://www.reddit.com/r/motorcycles/comments/2hddnp/_/ckrrkhu/,nan,3,1
https://www.reddit.com/r/DanLeBatardShow/comments/10rrmx6/_/j6xrt8z/,nan,3,3
https://www.reddit.com/r/KitchenConfidential/comments/zhwzv3/_/izp9pvg/,nan,3,1
https://www.reddit.com/r/AssholeBehindThong/comments/l06313/_/gjteznu/,nan,3,1
https://www.reddit.com/r/explainlikeimfive/comments/nuduvk/_/h0wxyya/,nan,3,1
https://www.reddit.com/r/explainlikeimfive/comments/5wq8fz/_/dec6ysw/,nan,3,1
https://www.reddit.com/r/explainlikeimfive/comments/886f0v/_/dwi8qk9/,nan,3,1
https://www.reddit.com/r/explainlikeimfive/comments/pt2vu/_/c3s2dox/,nan,3,1
https://www.reddit.com/r/explainlikeimfive/comments/104w4jj/_/j394lkw/,nan,3,1
https://www.reddit.com/r/explainlikeimfive/comments/2be8qp/_/cj52hjs/,nan,3,1
https://www.reddit.com/r/explainlikeimfive/comments/3iyyze/_/culoozs/,nan,3,1
https://www.reddit.com/r/explainlikeimfive/comments/3qj6x6/_/cwfoca6/,nan,3,1
https://www.reddit.com/r/explainlikeimfive/comments/y843px/_/isyzzhz/,nan,3,1
https://www.reddit.com/r/explainlikeimfive/comments/102zqc/_/c6a8ho3/,nan,3,4
https://www.reddit.com/r/explainlikeimfive/comments/44niyt/_/czs4662/,nan,3,1
https://www.reddit.com/r/explainlikeimfive/comments/39wbpu/_/cs755k7/,nan,3,1
https://www.reddit.com/r/explainlikeimfive/comments/3bbnb6/_/cskwci9/,nan,3,1
https://www.reddit.com/r/explainlikeimfive/comments/2ygv5b/_/cpa1y9j/,nan,3,1
https://www.reddit.com/r/explainlikeimfive/comments/6pk7rz/_/dkqqxfy/,nan,3,4
https://www.reddit.com/r/explainlikeimfive/comments/zmtv5o/_/j0e7g6x/,nan,3,1
https://www.reddit.com/r/explainlikeimfive/comments/3ika61/_/cuh6la6/,nan,3,4
https://www.reddit.com/r/explainlikeimfive/comments/24mqx5/_/ch8vsbs/,nan,3,1
https://www.reddit.com/r/explainlikeimfive/comments/ah7faa/_/eec30aq/,nan,3,1
https://www.reddit.com/r/unpopularopinion/comments/kkuga6/_/gh4tvhk/,nan,3,1
https://www.reddit.com/r/unpopularopinion/comments/isix62/_/g5bilat/,nan,3,1
https://www.reddit.com/r/unpopularopinion/comments/runpc3/_/hr628xk/,nan,3,1
https://www.reddit.com/r/unpopularopinion/comments/hyo2pp/_/fzdvadv/,nan,3,6
https://www.reddit.com/r/unpopularopinion/comments/by5rln/_/eqe1gwp/,nan,3,4
https://www.reddit.com/r/unpopularopinion/comments/z8lctl/_/iyi7uge/,nan,3,4
https://www.reddit.com/r/unpopularopinion/comments/bno8r0/_/en8bhpj/,nan,3,5
https://www.reddit.com/r/unpopularopinion/comments/10kg6sz/_/j5qxcko/,nan,3,2
https://www.reddit.com/r/unpopularopinion/comments/8sm4lo/_/e115vki/,nan,3,1
https://www.reddit.com/r/unpopularopinion/comments/fgofbo/_/fk632y0/,nan,3,1
https://www.reddit.com/r/unpopularopinion/comments/e7d7pm/_/fa0yta2/,nan,3,4
https://www.reddit.com/r/unpopularopinion/comments/jm00vv/_/gato606/,nan,3,5
https://www.reddit.com/r/unpopularopinion/comments/msjhfy/_/gv8cfce/,nan,3,5
https://www.reddit.com/r/unpopularopinion/comments/dmm6j5/_/f56ysz5/,nan,3,6
https://www.reddit.com/r/unpopularopinion/comments/d4kiay/_/f0dypmk/,nan,3,3
https://www.reddit.com/r/unpopularopinion/comments/bpazuh/_/enrs0fw/,nan,3,1
https://www.reddit.com/r/unpopularopinion/comments/mzme3m/_/gw2rwah/,nan,3,1
https://www.reddit.com/r/unpopularopinion/comments/f3dm0q/_/fhii2om/,nan,3,3
https://www.reddit.com/r/unpopularopinion/comments/g0fwr8/_/fn9m3x2/,nan,3,1
https://www.reddit.com/r/unpopularopinion/comments/l8yi39/_/glffyfs/,nan,3,1
https://www.reddit.com/r/unpopularopinion/comments/hdpa4w/_/fvml9zi/,nan,3,5
https://www.reddit.com/r/unpopularopinion/comments/gjrj8k/_/fqmp7iw/,nan,3,5
https://www.reddit.com/r/unpopularopinion/comments/c2v2fc/_/ermsbkk/,nan,3,1
https://www.reddit.com/r/unpopularopinion/comments/d87ron/_/f18mket/,nan,3,1
https://www.reddit.com/r/changemyview/comments/20xnem/_/cg7r0gu/,nan,3,1
https://www.reddit.com/r/changemyview/comments/2wzu8h/_/covyhs9/,nan,3,4
https://www.reddit.com/r/changemyview/comments/57j9mj/_/d8sktld/,nan,3,5
https://www.reddit.com/r/changemyview/comments/48h0gv/_/d0jk6rj/,nan,3,4
https://www.reddit.com/r/changemyview/comments/8fs0g3/_/dy7t5ux/,nan,3,5
https://www.reddit.com/r/changemyview/comments/80sz76/_/duy5wgc/,nan,3,1
https://www.reddit.com/r/changemyview/comments/aaubyq/_/ecv58jp/,nan,3,5
https://www.reddit.com/r/changemyview/comments/fjo9mu/_/fko49yu/,nan,3,5
https://www.reddit.com/r/changemyview/comments/hgt4xa/_/fw5wyof/,nan,3,4
https://www.reddit.com/r/changemyview/comments/usahad/_/i93tnth/,nan,3,5
https://www.reddit.com/r/changemyview/comments/x0stgi/_/ima00pm/,nan,3,4
https://www.reddit.com/r/changemyview/comments/i2zidv/_/g08au38/,nan,3,5
https://www.reddit.com/r/changemyview/comments/dxg6rt/_/f7r5oyq/,nan,3,5
https://www.reddit.com/r/changemyview/comments/qwdyy1/_/hl2xpbf/,nan,3,5
https://www.reddit.com/r/changemyview/comments/13y35jh/_/jmksnt4/,nan,3,5
https://www.reddit.com/r/changemyview/comments/1xj2g0/_/cfbruv9/,nan,3,1
https://www.reddit.com/r/changemyview/comments/6ph4wy/_/dkpgmoc/,nan,3,1
https://www.reddit.com/r/changemyview/comments/9pb1fp/_/e84588j/,nan,3,1
https://www.reddit.com/r/changemyview/comments/aslvu9/_/egvsc46/,nan,3,1
https://www.reddit.com/r/changemyview/comments/blcfsx/_/emnf29o/,nan,3,4
https://www.reddit.com/r/changemyview/comments/bvwg50/_/ept9i2k/,nan,3,4
https://www.reddit.com/r/changemyview/comments/eg1x08/_/fc3wwxp/,nan,3,1
https://www.reddit.com/r/changemyview/comments/pqnr3d/_/hdccmvc/,nan,3,4
https://www.reddit.com/r/changemyview/comments/dfpkpd/_/f3656ju/,nan,3,5
https://www.reddit.com/r/changemyview/comments/uw5n50/_/i9pm011/,nan,3,4
https://www.reddit.com/r/changemyview/comments/uzxliu/_/iaeh58h/,nan,3,1
https://www.reddit.com/r/changemyview/comments/hrshr8/_/fy6ba77/,nan,3,1
https://www.reddit.com/r/changemyview/comments/kuqson/_/givuzg6/,nan,3,5
https://www.reddit.com/r/changemyview/comments/175vrpm/_/k4inmzi/,nan,3,5
https://www.reddit.com/r/changemyview/comments/em016s/_/fdlhn1b/,nan,3,5
https://www.reddit.com/r/changemyview/comments/17jab8x/_/k71j1zh/,nan,3,5
https://www.reddit.com/r/changemyview/comments/vl24qr/_/idtfa6g/,nan,3,5
https://www.reddit.com/r/changemyview/comments/162xin9/_/jy4z95f/,nan,3,5
https://www.reddit.com/r/changemyview/comments/1cr6hz/_/c9jess8/,nan,3,5
https://www.reddit.com/r/changemyview/comments/90v2jx/_/e2tey19/,nan,3,1
https://www.reddit.com/r/changemyview/comments/dv4sqn/_/f7byyer/,nan,3,6
https://www.reddit.com/r/trashyboners/comments/8f0h5h/_/dy0dhmh/,nan,2,1
https://www.reddit.com/r/FireEmblemHeroes/comments/8m8fkq/_/dzlmnqn/,nan,2,4
https://www.reddit.com/r/CamModel/comments/irs1gj/_/g7x1q53/,nan,2,1
https://www.reddit.com/r/UTsnow/comments/iyk6as/_/g6d2yr7/,nan,2,1
https://www.reddit.com/r/learnpython/comments/kfq2sy/_/gg9vz7k/,nan,2,1
https://www.reddit.com/r/malaysia/comments/mpaxb9/_/gu8sxgi/,nan,2,1
https://www.reddit.com/r/NoFapChristians/comments/osytvg/_/h6t408n/,nan,2,1
https://www.reddit.com/r/gofundme/comments/ufd9p9/_/i6tpuvj/,nan,2,1
https://www.reddit.com/r/EsfandTV/comments/z9zglz/_/iylkd2r/,nan,2,1
https://www.reddit.com/r/workgonewild/comments/zdgltj/_/iz1fyu2/,nan,2,1
https://www.reddit.com/r/shroomery/comments/10epaql/_/j4sdmc4/,nan,2,1
https://www.reddit.com/r/UMD/comments/12z42fg/_/jhqodep/,nan,2,1
https://www.reddit.com/r/BWCbigwhitecocks/comments/160m6wp/_/jxq8hbi/,nan,2,1
https://www.reddit.com/r/yugioh/comments/17hq9ak/_/k6qsm29/,nan,2,1
https://www.reddit.com/r/Radiation/comments/17ssigj/_/k8t9bqd/,nan,2,1
https://www.reddit.com/r/LEGOfortnite/comments/18zby96/_/kggigyg/,nan,2,1
https://www.reddit.com/r/unpopularopinion/comments/7xrmzf/_/duak0qc/,nan,2,1
https://www.reddit.com/r/unpopularopinion/comments/arisxz/_/egnl3ti/,nan,2,4
https://www.reddit.com/r/unpopularopinion/comments/bhod8k/_/eludzau/,nan,2,1
https://www.reddit.com/r/unpopularopinion/comments/iyrymv/_/g6ebalr/,nan,2,1
https://www.reddit.com/r/unpopularopinion/comments/lfphq9/_/gmneuas/,nan,2,1
https://www.reddit.com/r/unpopularopinion/comments/pfwwy8/_/hb9lkim/,nan,2,1
https://www.reddit.com/r/unpopularopinion/comments/uctzt8/_/i6cxga5/,nan,2,1
https://www.reddit.com/r/unpopularopinion/comments/xhbbhc/_/iowlw6w/,nan,2,6
https://www.reddit.com/r/unpopularopinion/comments/17acci8/_/k5c4aya/,nan,2,6
https://www.reddit.com/r/changemyview/comments/1sol8d/_/cdztdn3/,nan,2,6
https://www.reddit.com/r/changemyview/comments/3etakd/_/ctjikrj/,nan,2,1
https://www.reddit.com/r/changemyview/comments/46vy65/_/d08ckav/,nan,2,6
https://www.reddit.com/r/changemyview/comments/4xiktc/_/d6ftp7f/,nan,2,5
https://www.reddit.com/r/changemyview/comments/5eolqc/_/dadyya8/,nan,2,1
https://www.reddit.com/r/changemyview/comments/5sc64x/_/dddzph9/,nan,2,5
https://www.reddit.com/r/changemyview/comments/5ttzqh/_/ddp68ge/,nan,2,1
https://www.reddit.com/r/changemyview/comments/3bntia/_/csnv1f0/,nan,2,7
https://www.reddit.com/r/changemyview/comments/7i1pna/_/dqw3nbn/,nan,2,6
https://www.reddit.com/r/changemyview/comments/8u3urs/_/e1dlone/,nan,2,6
https://www.reddit.com/r/changemyview/comments/927jsx/_/e33nbtm/,nan,2,4
https://www.reddit.com/r/changemyview/comments/92ruf3/_/e37xu98/,nan,2,4
https://www.reddit.com/r/changemyview/comments/bgwkkc/_/elpykeo/,nan,2,6
https://www.reddit.com/r/changemyview/comments/5lilix/_/dbvzvi8/,nan,2,6
https://www.reddit.com/r/changemyview/comments/17fey9n/_/k69l72f/,nan,2,5
https://www.reddit.com/r/changemyview/comments/18nvvzc/_/kefx7jd/,nan,2,5
https://www.reddit.com/r/changemyview/comments/a66k1n/_/ebswya3/,nan,2,5
https://www.reddit.com/r/changemyview/comments/18yv82w/_/kgeczx4/,nan,2,5
https://www.reddit.com/r/changemyview/comments/dvzhyr/_/f7fuicl/,nan,2,6
https://www.reddit.com/r/unpopularopinion/comments/6oal7p/_/dkgbreq/,nan,2,1
https://www.reddit.com/r/unpopularopinion/comments/am0xzk/_/efiek0o/,nan,2,1
https://www.reddit.com/r/unpopularopinion/comments/bpizny/_/envfvnc/,nan,2,1
https://www.reddit.com/r/unpopularopinion/comments/gcf4dd/_/fpcbrml/,nan,2,1
https://www.reddit.com/r/unpopularopinion/comments/ge9ujc/_/fpm4yxj/,nan,2,1
https://www.reddit.com/r/unpopularopinion/comments/gzevuv/_/ftfv15x/,nan,2,6
https://www.reddit.com/r/changemyview/comments/bdkjyg/_/ekyv0wj/,nan,2,6
https://www.reddit.com/r/unpopularopinion/comments/m9l6dv/_/grnpw0r/,nan,2,5
https://www.reddit.com/r/unpopularopinion/comments/o4m2om/_/h2i1zpg/,nan,2,1
https://www.reddit.com/r/AmItheAsshole/comments/e3urgp/_/f96yv88/,nan,2,1
https://www.reddit.com/r/AmItheAsshole/comments/e99ctx/_/fajyl7k/,nan,2,1
https://www.reddit.com/r/AmItheAsshole/comments/req0px/_/ho8z8vj/,nan,2,1
https://www.reddit.com/r/AmItheAsshole/comments/sf3h3p/_/hunpnvn/,nan,2,1
https://www.reddit.com/r/AmItheAsshole/comments/u877rv/_/i5je18p/,nan,2,1
https://www.reddit.com/r/trashyboners/comments/8f0h5h/_/dy0dhmh/,marina,2,1
https://www.reddit.com/r/FireEmblemHeroes/comments/8m8fkq/_/dzlmnqn/,marina,2,1
https://www.reddit.com/r/CamModel/comments/irs1gj/_/g7x1q53/,marina,2,1
https://www.reddit.com/r/UTsnow/comments/iyk6as/_/g6d2yr7/,marina,2,1
https://www.reddit.com/r/learnpython/comments/kfq2sy/_/gg9vz7k/,marina,2,1
https://www.reddit.com/r/NoFapChristians/comments/osytvg/_/h6t408n/,marina,2,1
https://www.reddit.com/r/gofundme/comments/ufd9p9/_/i6tpuvj/,marina,2,1
https://www.reddit.com/r/EsfandTV/comments/z9zglz/_/iylkd2r/,marina,2,1
https://www.reddit.com/r/workgonewild/comments/zdgltj/_/iz1fyu2/,marina,2,1
https://www.reddit.com/r/shroomery/comments/10epaql/_/j4sdmc4/,marina,2,1
https://www.reddit.com/r/UMD/comments/12z42fg/_/jhqodep/,marina,2,1
https://www.reddit.com/r/BWCbigwhitecocks/comments/160m6wp/_/jxq8hbi/,marina,2,1
https://www.reddit.com/r/yugioh/comments/17hq9ak/_/k6qsm29/,marina,2,1
https://www.reddit.com/r/Radiation/comments/17ssigj/_/k8t9bqd/,marina,2,4
https://www.reddit.com/r/LEGOfortnite/comments/18zby96/_/kggigyg/,marina,2,1
https://www.reddit.com/r/unpopularopinion/comments/7xrmzf/_/duak0qc/,marina,2,2
https://www.reddit.com/r/unpopularopinion/comments/arisxz/_/egnl3ti/,marina,2,7
https://www.reddit.com/r/unpopularopinion/comments/iyrymv/_/g6ebalr/,marina,2,1
https://www.reddit.com/r/unpopularopinion/comments/lfphq9/_/gmneuas/,marina,2,1
https://www.reddit.com/r/unpopularopinion/comments/pfwwy8/_/hb9lkim/,marina,2,1
https://www.reddit.com/r/unpopularopinion/comments/uctzt8/_/i6cxga5/,marina,2,1
https://www.reddit.com/r/unpopularopinion/comments/xhbbhc/_/iowlw6w/,marina,2,1
https://www.reddit.com/r/unpopularopinion/comments/17acci8/_/k5c4aya/,marina,2,1
https://www.reddit.com/r/changemyview/comments/3etakd/_/ctjikrj/,marina,2,1
https://www.reddit.com/r/changemyview/comments/46vy65/_/d08ckav/,marina,2,5
https://www.reddit.com/r/changemyview/comments/4xiktc/_/d6ftp7f/,marina,2,1
https://www.reddit.com/r/changemyview/comments/5eolqc/_/dadyya8/,marina,2,1
https://www.reddit.com/r/changemyview/comments/5sc64x/_/dddzph9/,marina,2,7
https://www.reddit.com/r/changemyview/comments/5ttzqh/_/ddp68ge/,marina,2,4
https://www.reddit.com/r/changemyview/comments/3bntia/_/csnv1f0/,marina,2,5
https://www.reddit.com/r/changemyview/comments/7i1pna/_/dqw3nbn/,marina,2,1
https://www.reddit.com/r/changemyview/comments/8u3urs/_/e1dlone/,marina,2,5
https://www.reddit.com/r/changemyview/comments/927jsx/_/e33nbtm/,marina,2,5
https://www.reddit.com/r/changemyview/comments/92ruf3/_/e37xu98/,marina,2,1
https://www.reddit.com/r/changemyview/comments/bgwkkc/_/elpykeo/,marina,2,1
https://www.reddit.com/r/changemyview/comments/5lilix/_/dbvzvi8/,marina,2,1
https://www.reddit.com/r/changemyview/comments/17fey9n/_/k69l72f/,marina,2,1
https://www.reddit.com/r/changemyview/comments/18nvvzc/_/kefx7jd/,marina,2,1
https://www.reddit.com/r/changemyview/comments/a66k1n/_/ebswya3/,marina,2,1
https://www.reddit.com/r/changemyview/comments/18yv82w/_/kgeczx4/,marina,2,1
https://www.reddit.com/r/changemyview/comments/dvzhyr/_/f7fuicl/,marina,2,6
https://www.reddit.com/r/unpopularopinion/comments/6oal7p/_/dkgbreq/,marina,2,1
https://www.reddit.com/r/unpopularopinion/comments/am0xzk/_/efiek0o/,marina,2,1
https://www.reddit.com/r/unpopularopinion/comments/bpizny/_/envfvnc/,marina,2,1
https://www.reddit.com/r/unpopularopinion/comments/gcf4dd/_/fpcbrml/,marina,2,1
https://www.reddit.com/r/unpopularopinion/comments/ge9ujc/_/fpm4yxj/,marina,2,1
https://www.reddit.com/r/unpopularopinion/comments/gzevuv/_/ftfv15x/,marina,2,1
https://www.reddit.com/r/changemyview/comments/bdkjyg/_/ekyv0wj/,marina,2,1
https://www.reddit.com/r/unpopularopinion/comments/m9l6dv/_/grnpw0r/,marina,2,1
https://www.reddit.com/r/unpopularopinion/comments/o4m2om/_/h2i1zpg/,marina,2,1
https://www.reddit.com/r/unpopularopinion/comments/119owx3/_/j9nee0e/,marina,2,5
https://www.reddit.com/r/AmItheAsshole/comments/e3urgp/_/f96yv88/,marina,2,1
https://www.reddit.com/r/AmItheAsshole/comments/e99ctx/_/fajyl7k/,marina,2,3
https://www.reddit.com/r/AmItheAsshole/comments/req0px/_/ho8z8vj/,marina,2,3
https://www.reddit.com/r/AmItheAsshole/comments/sf3h3p/_/hunpnvn/,marina,2,1
https://www.reddit.com/r/AmItheAsshole/comments/u877rv/_/i5je18p/,marina,2,1
https://www.reddit.com/r/trashyboners/comments/8f0h5h/_/dy0dhmh/,kart,2,1
https://www.reddit.com/r/FireEmblemHeroes/comments/8m8fkq/_/dzlmnqn/,kart,2,1
https://www.reddit.com/r/CamModel/comments/irs1gj/_/g7x1q53/,kart,2,1
https://www.reddit.com/r/UTsnow/comments/iyk6as/_/g6d2yr7/,kart,2,1
https://www.reddit.com/r/learnpython/comments/kfq2sy/_/gg9vz7k/,kart,2,1
https://www.reddit.com/r/malaysia/comments/mpaxb9/_/gu8sxgi/,kart,2,1
https://www.reddit.com/r/NoFapChristians/comments/osytvg/_/h6t408n/,kart,2,1
https://www.reddit.com/r/gofundme/comments/ufd9p9/_/i6tpuvj/,kart,2,1
https://www.reddit.com/r/EsfandTV/comments/z9zglz/_/iylkd2r/,kart,2,1
https://www.reddit.com/r/workgonewild/comments/zdgltj/_/iz1fyu2/,kart,2,1
https://www.reddit.com/r/shroomery/comments/10epaql/_/j4sdmc4/,kart,2,1
https://www.reddit.com/r/UMD/comments/12z42fg/_/jhqodep/,kart,2,1
https://www.reddit.com/r/BWCbigwhitecocks/comments/160m6wp/_/jxq8hbi/,kart,2,1
https://www.reddit.com/r/yugioh/comments/17hq9ak/_/k6qsm29/,kart,2,1
https://www.reddit.com/r/Radiation/comments/17ssigj/_/k8t9bqd/,kart,2,3
https://www.reddit.com/r/LEGOfortnite/comments/18zby96/_/kggigyg/,kart,2,1
https://www.reddit.com/r/unpopularopinion/comments/7xrmzf/_/duak0qc/,kart,2,1
https://www.reddit.com/r/unpopularopinion/comments/arisxz/_/egnl3ti/,kart,2,4
https://www.reddit.com/r/unpopularopinion/comments/iyrymv/_/g6ebalr/,kart,2,1
https://www.reddit.com/r/unpopularopinion/comments/lfphq9/_/gmneuas/,kart,2,1
https://www.reddit.com/r/unpopularopinion/comments/pfwwy8/_/hb9lkim/,kart,2,1
https://www.reddit.com/r/unpopularopinion/comments/uctzt8/_/i6cxga5/,kart,2,1
https://www.reddit.com/r/unpopularopinion/comments/xhbbhc/_/iowlw6w/,kart,2,5
https://www.reddit.com/r/unpopularopinion/comments/17acci8/_/k5c4aya/,kart,2,1
https://www.reddit.com/r/changemyview/comments/1sol8d/_/cdztdn3/,kart,2,5
https://www.reddit.com/r/changemyview/comments/3etakd/_/ctjikrj/,kart,2,1
https://www.reddit.com/r/changemyview/comments/46vy65/_/d08ckav/,kart,2,1
https://www.reddit.com/r/changemyview/comments/4xiktc/_/d6ftp7f/,kart,2,1
https://www.reddit.com/r/changemyview/comments/5eolqc/_/dadyya8/,kart,2,1
https://www.reddit.com/r/changemyview/comments/5sc64x/_/dddzph9/,kart,2,5
https://www.reddit.com/r/changemyview/comments/5ttzqh/_/ddp68ge/,kart,2,1
https://www.reddit.com/r/changemyview/comments/3bntia/_/csnv1f0/,kart,2,5
https://www.reddit.com/r/changemyview/comments/7i1pna/_/dqw3nbn/,kart,2,1
https://www.reddit.com/r/changemyview/comments/8u3urs/_/e1dlone/,kart,2,5
https://www.reddit.com/r/changemyview/comments/927jsx/_/e33nbtm/,kart,2,5
https://www.reddit.com/r/changemyview/comments/92ruf3/_/e37xu98/,kart,2,5
https://www.reddit.com/r/changemyview/comments/bgwkkc/_/elpykeo/,kart,2,5
https://www.reddit.com/r/changemyview/comments/5lilix/_/dbvzvi8/,kart,2,5
https://www.reddit.com/r/changemyview/comments/17fey9n/_/k69l72f/,kart,2,1
https://www.reddit.com/r/changemyview/comments/18nvvzc/_/kefx7jd/,kart,2,5
https://www.reddit.com/r/changemyview/comments/a66k1n/_/ebswya3/,kart,2,5
https://www.reddit.com/r/changemyview/comments/18yv82w/_/kgeczx4/,kart,2,1
https://www.reddit.com/r/changemyview/comments/dvzhyr/_/f7fuicl/,kart,2,1
https://www.reddit.com/r/unpopularopinion/comments/6oal7p/_/dkgbreq/,kart,2,1
https://www.reddit.com/r/unpopularopinion/comments/am0xzk/_/efiek0o/,kart,2,1
https://www.reddit.com/r/unpopularopinion/comments/bpizny/_/envfvnc/,kart,2,1
https://www.reddit.com/r/unpopularopinion/comments/gcf4dd/_/fpcbrml/,kart,2,1
https://www.reddit.com/r/unpopularopinion/comments/ge9ujc/_/fpm4yxj/,kart,2,1
https://www.reddit.com/r/unpopularopinion/comments/gzevuv/_/ftfv15x/,kart,2,5
https://www.reddit.com/r/unpopularopinion/comments/kefwmf/_/gg29itg/,kart,2,1
https://www.reddit.com/r/changemyview/comments/bdkjyg/_/ekyv0wj/,kart,2,6
https://www.reddit.com/r/unpopularopinion/comments/m9l6dv/_/grnpw0r/,kart,2,5
https://www.reddit.com/r/unpopularopinion/comments/o4m2om/_/h2i1zpg/,kart,2,1
https://www.reddit.com/r/unpopularopinion/comments/119owx3/_/j9nee0e/,kart,2,1
https://www.reddit.com/r/AmItheAsshole/comments/e3urgp/_/f96yv88/,kart,2,5
https://www.reddit.com/r/AmItheAsshole/comments/e99ctx/_/fajyl7k/,kart,2,1
https://www.reddit.com/r/AmItheAsshole/comments/req0px/_/ho8z8vj/,kart,2,1
https://www.reddit.com/r/AmItheAsshole/comments/sf3h3p/_/hunpnvn/,kart,2,1
https://www.reddit.com/r/AmItheAsshole/comments/u877rv/_/i5je18p/,kart,2,1
https://www.reddit.com/r/AmItheAsshole/comments/x7svll/_/ini6b97/,kart,3,2
https://www.reddit.com/r/AmItheAsshole/comments/esvjtk/_/ffd98hz/,kart,3,2
https://www.reddit.com/r/AmItheAsshole/comments/vvxctg/_/ifnhzvb/,kart,3,1
https://www.reddit.com/r/AmItheAsshole/comments/eol4yx/_/feeycn8/,kart,3,3
https://www.reddit.com/r/AmItheAsshole/comments/17oh2ec/_/k80ng55/,kart,3,1
https://www.reddit.com/r/AmItheAsshole/comments/14odsrk/_/jqcvdzy/,kart,3,1
https://www.reddit.com/r/AmItheAsshole/comments/i4e2e8/_/g0j19ai/,kart,3,4
https://www.reddit.com/r/AmItheAsshole/comments/1515bcr/_/js70xhn/,kart,3,1
https://www.reddit.com/r/AmItheAsshole/comments/lzetye/_/gq1p5y0/,kart,3,1
https://www.reddit.com/r/AmItheAsshole/comments/1422vvb/_/jn2v1bm/,kart,3,1
https://www.reddit.com/r/AmItheAsshole/comments/zx65k0/_/j2337ao/,kart,3,1
https://www.reddit.com/r/AmItheAsshole/comments/bon53p/_/eni6tqw/,kart,3,6
https://www.reddit.com/r/AmItheAsshole/comments/13rq8jw/_/jloj5wr/,kart,3,1
https://www.reddit.com/r/AmItheAsshole/comments/vs8lvw/_/if0oi7k/,kart,3,1
https://www.reddit.com/r/AmItheAsshole/comments/izpklm/_/g6kfhb9/,kart,3,1
https://www.reddit.com/r/AmItheAsshole/comments/16y9j2e/_/k3b4cte/,kart,3,1
https://www.reddit.com/r/AmItheAsshole/comments/in9r52/_/g46qkv8/,kart,3,1
https://www.reddit.com/r/AmItheAsshole/comments/khiwbr/_/ggmu4tl/,kart,3,1
https://www.reddit.com/r/AmItheAsshole/comments/blich3/_/empjyi3/,kart,3,1
https://www.reddit.com/r/AmItheAsshole/comments/p2jo7z/_/h8lueco/,kart,3,4
https://www.reddit.com/r/AmItheAsshole/comments/tmgjt9/_/i1yuvat/,kart,3,1
https://www.reddit.com/r/AmItheAsshole/comments/14qn5ia/_/jqqenro/,kart,3,1
https://www.reddit.com/r/explainlikeimfive/comments/3noyd3/_/cvqekj7/,kart,3,1
https://www.reddit.com/r/explainlikeimfive/comments/a0qiuc/_/eakkdyz/,kart,3,1
https://www.reddit.com/r/explainlikeimfive/comments/x00c0c/_/im89y7l/,kart,3,1
https://www.reddit.com/r/explainlikeimfive/comments/16sntc2/_/k2bayem/,kart,3,2
https://www.reddit.com/r/explainlikeimfive/comments/3bbnb6/_/cskz1sa/,kart,3,1
https://www.reddit.com/r/explainlikeimfive/comments/famrmz/_/fizu1tr/,kart,3,1
https://www.reddit.com/r/explainlikeimfive/comments/andc7t/_/efsg2m5/,kart,3,1
https://www.reddit.com/r/explainlikeimfive/comments/3qllkg/_/cwh9eus/,kart,3,3
https://www.reddit.com/r/explainlikeimfive/comments/35312t/_/cr1euih/,kart,3,1
https://www.reddit.com/r/explainlikeimfive/comments/5pnu2o/_/dcshw9t/,kart,3,1
https://www.reddit.com/r/explainlikeimfive/comments/18avden/_/kc0h884/,kart,3,4
https://www.reddit.com/r/explainlikeimfive/comments/zpq24p/_/j115hfn/,kart,3,4
https://www.reddit.com/r/explainlikeimfive/comments/2ygv5b/_/cp9zyro/,kart,3,1
https://www.reddit.com/r/explainlikeimfive/comments/3c1jtz/_/csrwprl/,kart,3,1
https://www.reddit.com/r/explainlikeimfive/comments/6o4cgc/_/dkerr7q/,kart,3,1
https://www.reddit.com/r/explainlikeimfive/comments/mqe8b/_/c331evy/,kart,3,1
https://www.reddit.com/r/explainlikeimfive/comments/2y02dh/_/cp50m36/,kart,3,4
https://www.reddit.com/r/explainlikeimfive/comments/1v75up/_/cepgfr5/,kart,3,1
https://www.reddit.com/r/explainlikeimfive/comments/3ud3qx/_/cxeeuot/,kart,3,1
https://www.reddit.com/r/explainlikeimfive/comments/1ujty2/_/cej9s9h/,kart,3,1
https://www.reddit.com/r/explainlikeimfive/comments/103tigd/_/j31j41x/,kart,3,4
https://www.reddit.com/r/explainlikeimfive/comments/f5nx60/_/fi17icy/,kart,3,1
https://www.reddit.com/r/explainlikeimfive/comments/2culhm/_/cjjtlc2/,kart,3,1
https://www.reddit.com/r/AskReddit/comments/xaxt9t/_/io235j0/,kart,3,1
https://www.reddit.com/r/AskRedditAfterDark/comments/12vkpnm/_/jhcgx4w/,kart,3,1
https://www.reddit.com/r/ToppsMarvelCollect/comments/utc1fw/_/i9g6max/,kart,3,1
https://www.reddit.com/r/soccer/comments/3m6a8v/_/cvd0fxz/,kart,3,1
https://www.reddit.com/r/conspiracy/comments/rbxks2/_/hnr6pxs/,kart,3,5
https://www.reddit.com/r/TransDIY/comments/t0jg0v/_/hyben57/,kart,3,2
https://www.reddit.com/r/soccer/comments/na2xmk/_/gxt1v39/,kart,3,1
https://www.reddit.com/r/Music/comments/swhem2/_/hxo2n4l/,kart,3,1
https://www.reddit.com/r/Accounting/comments/8bmow9/_/dx83t8k/,kart,3,1
https://www.reddit.com/r/shittyaskscience/comments/3r3i1f/_/cwl52qr/,kart,3,3
https://www.reddit.com/r/videos/comments/505v6r/_/d71jdfj/,kart,3,2
https://www.reddit.com/r/Overwolf/comments/kmmgye/_/gq01lhd/,kart,3,1
https://www.reddit.com/r/EscapingPrisonPlanet/comments/14ad4hn/_/jobko49/,kart,3,1
https://www.reddit.com/r/movies/comments/onbw98/_/h5r5lps/,kart,3,1
https://www.reddit.com/r/mildlyinfuriating/comments/zz63br/_/j29yxsb/,kart,3,1
https://www.reddit.com/r/learndota2/comments/2cqrls/_/cji9zil/,kart,3,1
https://www.reddit.com/r/pregnant/comments/x9yolc/_/inr6p39/,kart,3,1
https://www.reddit.com/r/gaming/comments/xejmn/_/c5m24cj/,kart,3,2
https://www.reddit.com/r/Cringetopia/comments/klz3xr/_/ghc607v/,kart,3,1
https://www.reddit.com/r/controversialiama/comments/8lcxac/_/dzm8b9y/,kart,3,1
https://www.reddit.com/r/unpopularopinion/comments/bpvorj/_/enyjor0/,kart,3,1
https://www.reddit.com/r/unpopularopinion/comments/hjd5fz/_/fwv1zr0/,kart,3,1
https://www.reddit.com/r/unpopularopinion/comments/jva7y7/_/gcih7x1/,kart,3,3
https://www.reddit.com/r/unpopularopinion/comments/wxfq4l/_/ilrpi8j/,kart,3,1
https://www.reddit.com/r/unpopularopinion/comments/cgmfwv/_/evah1vz/,kart,3,4
https://www.reddit.com/r/unpopularopinion/comments/eons8b/_/fee249b/,kart,3,1
https://www.reddit.com/r/unpopularopinion/comments/a653d9/_/ebsiiw9/,kart,3,1
https://www.reddit.com/r/unpopularopinion/comments/i1nkgr/_/fzympjk/,kart,3,1
https://www.reddit.com/r/unpopularopinion/comments/epfdoz/_/fej67ve/,kart,3,1
https://www.reddit.com/r/unpopularopinion/comments/brcy21/_/eocnosz/,kart,3,1
https://www.reddit.com/r/unpopularopinion/comments/b3qeq4/_/ej22510/,kart,3,1
https://www.reddit.com/r/unpopularopinion/comments/j2dyas/_/g7gcksy/,kart,3,5
https://www.reddit.com/r/unpopularopinion/comments/96ttj6/_/e43cerb/,kart,3,4
https://www.reddit.com/r/unpopularopinion/comments/b9cfsb/_/ek4qgud/,kart,3,1
https://www.reddit.com/r/unpopularopinion/comments/18w08ra/_/kfuqgip/,kart,3,1
https://www.reddit.com/r/unpopularopinion/comments/fcmwwn/_/fjckord/,kart,3,1
https://www.reddit.com/r/unpopularopinion/comments/ibks7f/_/g1wciev/,kart,3,1
https://www.reddit.com/r/unpopularopinion/comments/son88s/_/hwa8hmu/,kart,3,1
https://www.reddit.com/r/unpopularopinion/comments/byf0lt/_/eqik4am/,kart,3,5
https://www.reddit.com/r/unpopularopinion/comments/bzo7oq/_/equg869/,kart,3,4
https://www.reddit.com/r/unpopularopinion/comments/lv6j2w/_/gpal14n/,kart,3,4
https://www.reddit.com/r/unpopularopinion/comments/pnu43p/_/hcs0ekp/,kart,3,5
https://www.reddit.com/r/changemyview/comments/20xnem/_/cg7r0gu/,kart,3,1
https://www.reddit.com/r/changemyview/comments/2wzu8h/_/covyhs9/,kart,3,1
https://www.reddit.com/r/changemyview/comments/57j9mj/_/d8sktld/,kart,3,1
https://www.reddit.com/r/changemyview/comments/48h0gv/_/d0jk6rj/,kart,3,5
https://www.reddit.com/r/changemyview/comments/8fs0g3/_/dy7t5ux/,kart,3,4
https://www.reddit.com/r/changemyview/comments/80sz76/_/duy5wgc/,kart,3,2
https://www.reddit.com/r/changemyview/comments/aaubyq/_/ecv58jp/,kart,3,6
https://www.reddit.com/r/changemyview/comments/fjo9mu/_/fko49yu/,kart,3,4
https://www.reddit.com/r/changemyview/comments/hgt4xa/_/fw5wyof/,kart,3,1
https://www.reddit.com/r/changemyview/comments/usahad/_/i93tnth/,kart,3,4
https://www.reddit.com/r/changemyview/comments/x0stgi/_/ima00pm/,kart,3,5
https://www.reddit.com/r/changemyview/comments/i2zidv/_/g08au38/,kart,3,2
https://www.reddit.com/r/changemyview/comments/dxg6rt/_/f7r5oyq/,kart,3,5
https://www.reddit.com/r/changemyview/comments/qwdyy1/_/hl2xpbf/,kart,3,1
https://www.reddit.com/r/changemyview/comments/13y35jh/_/jmksnt4/,kart,3,5
https://www.reddit.com/r/changemyview/comments/1xj2g0/_/cfbruv9/,kart,3,1
https://www.reddit.com/r/changemyview/comments/6ph4wy/_/dkpgmoc/,kart,3,4
https://www.reddit.com/r/changemyview/comments/9pb1fp/_/e84588j/,kart,3,1
https://www.reddit.com/r/changemyview/comments/aslvu9/_/egvsc46/,kart,3,1
https://www.reddit.com/r/changemyview/comments/blcfsx/_/emnf29o/,kart,3,4
https://www.reddit.com/r/changemyview/comments/bvwg50/_/ept9i2k/,kart,3,5
https://www.reddit.com/r/changemyview/comments/eg1x08/_/fc3wwxp/,kart,3,1
https://www.reddit.com/r/changemyview/comments/pqnr3d/_/hdccmvc/,kart,3,1
https://www.reddit.com/r/changemyview/comments/dfpkpd/_/f3656ju/,kart,3,3
https://www.reddit.com/r/changemyview/comments/uw5n50/_/i9pm011/,kart,3,1
https://www.reddit.com/r/changemyview/comments/uzxliu/_/iaeh58h/,kart,3,1
https://www.reddit.com/r/changemyview/comments/hrshr8/_/fy6ba77/,kart,3,5
https://www.reddit.com/r/changemyview/comments/kuqson/_/givuzg6/,kart,3,1
https://www.reddit.com/r/changemyview/comments/175vrpm/_/k4inmzi/,kart,3,5
https://www.reddit.com/r/changemyview/comments/em016s/_/fdlhn1b/,kart,3,5
https://www.reddit.com/r/changemyview/comments/17jab8x/_/k71j1zh/,kart,3,4
https://www.reddit.com/r/changemyview/comments/vl24qr/_/idtfa6g/,kart,3,5
https://www.reddit.com/r/changemyview/comments/162xin9/_/jy4z95f/,kart,3,5
https://www.reddit.com/r/changemyview/comments/1cr6hz/_/c9jess8/,kart,3,5
https://www.reddit.com/r/changemyview/comments/90v2jx/_/e2tey19/,kart,3,4
https://www.reddit.com/r/changemyview/comments/dv4sqn/_/f7byyer/,kart,3,5
https://www.reddit.com/r/changemyview/comments/5jr06p/_/dbipphi/,marina,1,1
https://www.reddit.com/r/changemyview/comments/97k2rb/_/e48wg33/,marina,1,1
https://www.reddit.com/r/AmItheAsshole/comments/f0d3c8/_/fgsx462/,marina,1,1
https://www.reddit.com/r/changemyview/comments/7hd39b/_/dqq39el/,marina,1,5
https://www.reddit.com/r/explainlikeimfive/comments/1jyiyk/_/cbjq0i6/,marina,1,1
https://www.reddit.com/r/changemyview/comments/7tu0ft/_/dtf76ln/,marina,1,5
https://www.reddit.com/r/changemyview/comments/j5ep6u/_/g7rytvc/,marina,1,6
https://www.reddit.com/r/changemyview/comments/217z08/_/cgamtfx/,marina,1,1
https://www.reddit.com/r/wikipedia/comments/81api/_/c07zc22/,marina,1,1
https://www.reddit.com/r/atheism/comments/a7vmi/_/c0ga15k/,marina,1,1
https://www.reddit.com/r/MovieDetails/comments/7u0gs9/_/dth7wla/,marina,1,1
https://www.reddit.com/r/Damnthatsinteresting/comments/13yu6ab/_/jmr5gne/,marina,1,1
https://www.reddit.com/r/changemyview/comments/4dc4qw/_/d1s6hpc/,marina,1,7
https://www.reddit.com/r/insideJorahshead/comments/3hsl5h/_/cua9d0g/,marina,1,1
https://www.reddit.com/r/modelmakers/comments/ky7t3k/_/gjendze/,marina,1,1
https://www.reddit.com/r/Minecraft/comments/le0iss/_/gm8qwpi/,marina,1,1
https://www.reddit.com/r/Xiaomi/comments/s7rrmp/_/htcymt5/,marina,1,1
https://www.reddit.com/r/criterion/comments/15ginf0/_/juk1c0p/,marina,1,1
https://www.reddit.com/r/changemyview/comments/ld2sq5/_/gm3lgmj/,marina,1,1
https://www.reddit.com/r/changemyview/comments/18iciz9/_/kdcay67/,marina,1,5
https://www.reddit.com/r/changemyview/comments/jcv6rl/_/g95grqo/,marina,1,1
https://www.reddit.com/r/changemyview/comments/1hp8cm/_/cawovtg/,marina,1,5
https://www.reddit.com/r/changemyview/comments/5frejm/_/damm9xw/,marina,1,4
https://www.reddit.com/r/explainlikeimfive/comments/6ts3r5/_/dln32na/,marina,1,1
https://www.reddit.com/r/changemyview/comments/zqh45p/_/j1av768/,marina,1,6
https://www.reddit.com/r/changemyview/comments/9h7ooc/_/e69ym6v/,marina,1,6
https://www.reddit.com/r/Marijuana/comments/9aue5/_/c0c2ub9/,marina,1,1
https://www.reddit.com/r/Military/comments/1l2ca5/_/cc6hf3m/,marina,1,1
https://www.reddit.com/r/AskReddit/comments/9g0ssn/_/e61ewfd/,marina,1,1
https://www.reddit.com/r/xboxone/comments/3a6kdg/_/cs9tqbv/,marina,1,1
https://www.reddit.com/r/changemyview/comments/2yszjq/_/cpcoa7k/,marina,1,3
https://www.reddit.com/r/changemyview/comments/82i7oe/_/dvaap6m/,marina,1,1
https://www.reddit.com/r/changemyview/comments/6je7u2/_/djdky74/,marina,1,1
https://www.reddit.com/r/Hyperhidrosis/comments/ka3x7l/_/gfcdqol/,marina,1,1
https://www.reddit.com/r/changemyview/comments/9qdhx9/_/e88dhfw/,marina,1,1
https://www.reddit.com/r/changemyview/comments/9ac2ef/_/e4uc928/,marina,1,1
https://www.reddit.com/r/changemyview/comments/boc0dl/_/enebgnc/,marina,1,7
https://www.reddit.com/r/aoe4/comments/wliinr/_/ijuzfop/,marina,1,1
https://www.reddit.com/r/PoliticalPhilosophy/comments/sooa7x/_/hwfgqr0/,marina,1,5
https://www.reddit.com/r/changemyview/comments/9askbc/_/e4xu17y/,marina,1,4
https://www.reddit.com/r/changemyview/comments/3bntia/_/csny9zt/,marina,1,4
https://www.reddit.com/r/changemyview/comments/btsdbj/_/ep1vv20/,marina,1,4
https://www.reddit.com/r/changemyview/comments/c35xx3/_/erp1129/,marina,1,4
https://www.reddit.com/r/changemyview/comments/ha6ibt/_/fv0y61v/,marina,1,1
https://www.reddit.com/r/changemyview/comments/jai9nj/_/g8poahm/,marina,1,7
https://www.reddit.com/r/changemyview/comments/63l2vd/_/dfvknrg/,marina,1,4
https://www.reddit.com/r/changemyview/comments/oya8ic/_/h7rrt8x/,marina,1,1
https://www.reddit.com/r/changemyview/comments/12kdj0k/_/jg8olv6/,marina,1,1
https://www.reddit.com/r/changemyview/comments/pn7xmc/_/hcnlfn1/,marina,1,4
https://www.reddit.com/r/changemyview/comments/15t69kh/_/jwibwcq/,marina,1,7
https://www.reddit.com/r/unpopularopinion/comments/ezjwnx/_/fgoamxz/,marina,1,7
https://www.reddit.com/r/unpopularopinion/comments/p3ping/_/h8uuaro/,marina,1,5
https://www.reddit.com/r/Android/comments/1e8emh/_/c9xtszp/,marina,1,1
https://www.reddit.com/r/IAmA/comments/6bnym7/_/dhodcaa/,marina,1,7
https://www.reddit.com/r/AmItheAsshole/comments/idjlm8/_/g29lyu3/,marina,3,1
https://www.reddit.com/r/AmItheAsshole/comments/es01t3/_/ffc3goh/,marina,3,1
https://www.reddit.com/r/AmItheAsshole/comments/nd1rfg/_/gy9lrcf/,marina,3,1
https://www.reddit.com/r/AmItheAsshole/comments/jsx9kl/_/gc4qh88/,marina,3,3
https://www.reddit.com/r/AmItheAsshole/comments/t0fujv/_/hygdzrm/,marina,3,1
https://www.reddit.com/r/AmItheAsshole/comments/umjs1s/_/i848tj0/,marina,3,1
https://www.reddit.com/r/AmItheAsshole/comments/ilwz0k/_/g3vcy61/,marina,3,1
https://www.reddit.com/r/AmItheAsshole/comments/zkhlu0/_/j002udq/,marina,3,1
https://www.reddit.com/r/AmItheAsshole/comments/15kn4l3/_/jv8t9qk/,marina,3,1
https://www.reddit.com/r/AmItheAsshole/comments/ri3ymk/_/hox0sj4/,marina,3,1
https://www.reddit.com/r/AmItheAsshole/comments/i2xsi9/_/g07l5ar/,marina,3,1
https://www.reddit.com/r/AmItheAsshole/comments/de9dvt/_/f2tjzdb/,marina,3,1
https://www.reddit.com/r/AmItheAsshole/comments/qkahxi/_/hivcv5q/,marina,3,1
https://www.reddit.com/r/AmItheAsshole/comments/hihim3/_/fwht8gq/,marina,3,3
https://www.reddit.com/r/AmItheAsshole/comments/nxwtc5/_/h1imtx4/,marina,3,3
https://www.reddit.com/r/AmItheAsshole/comments/sx2w93/_/hxpohwb/,marina,3,3
https://www.reddit.com/r/AmItheAsshole/comments/njaqet/_/gz6d83n/,marina,3,1
https://www.reddit.com/r/AmItheAsshole/comments/upefqp/_/i8l24a3/,marina,3,1
https://www.reddit.com/r/AmItheAsshole/comments/16cm5vf/_/jzltmya/,marina,3,3
https://www.reddit.com/r/AmItheAsshole/comments/opnd0x/_/h66eir0/,marina,3,1
https://www.reddit.com/r/AmItheAsshole/comments/km2kfd/_/ghfane5/,marina,3,1
https://www.reddit.com/r/AmItheAsshole/comments/uzd9v5/_/iab42ky/,marina,3,1
https://www.reddit.com/r/AmItheAsshole/comments/s34aul/_/hslcnly/,marina,3,1
https://www.reddit.com/r/explainlikeimfive/comments/6o4cgc/_/dkfa5c3/,marina,3,1
https://www.reddit.com/r/explainlikeimfive/comments/14e1sx4/_/joth5zq/,marina,3,1
https://www.reddit.com/r/explainlikeimfive/comments/ofyuvr/_/h4gb4tc/,marina,3,1
https://www.reddit.com/r/explainlikeimfive/comments/6pk7rz/_/dkqy346/,marina,3,5
https://www.reddit.com/r/explainlikeimfive/comments/dtcui9/_/f6wtn2g/,marina,3,1
https://www.reddit.com/r/explainlikeimfive/comments/2be8qp/_/cj52dfx/,marina,3,1
https://www.reddit.com/r/explainlikeimfive/comments/6m9gor/_/djzw274/,marina,3,1
https://www.reddit.com/r/explainlikeimfive/comments/206wcg/_/cg0c7hb/,marina,3,3
https://www.reddit.com/r/explainlikeimfive/comments/rse0k6/_/hqma4zt/,marina,3,1
https://www.reddit.com/r/explainlikeimfive/comments/abxc61/_/ed42g9k/,marina,3,1
https://www.reddit.com/r/explainlikeimfive/comments/yhfmp4/_/iufs4et/,marina,3,1
https://www.reddit.com/r/explainlikeimfive/comments/2x8bvm/_/coxvnii/,marina,3,1
https://www.reddit.com/r/explainlikeimfive/comments/42uvsq/_/czdaz03/,marina,3,1
https://www.reddit.com/r/explainlikeimfive/comments/uga5g3/_/i6zm4xk/,marina,3,1
https://www.reddit.com/r/explainlikeimfive/comments/21azj2/_/cgbmmhh/,marina,3,3
https://www.reddit.com/r/explainlikeimfive/comments/3vw9sh/_/cxroufs/,marina,3,1
https://www.reddit.com/r/explainlikeimfive/comments/ickpsn/_/g23dgx0/,marina,3,1
https://www.reddit.com/r/explainlikeimfive/comments/u8uhc5/_/i5o3ted/,marina,3,1
https://www.reddit.com/r/explainlikeimfive/comments/3zaad5/_/cyktnym/,marina,3,1
https://www.reddit.com/r/explainlikeimfive/comments/kyxjod/_/gjmxbgr/,marina,3,1
https://www.reddit.com/r/explainlikeimfive/comments/2nu9py/_/cmhkm2c/,marina,3,1
https://www.reddit.com/r/dataisbeautiful/comments/11l31kd/_/jbgavkx/,marina,3,1
https://www.reddit.com/r/Christianity/comments/2w4xjf/_/cooy28q/,marina,3,4
https://www.reddit.com/r/AdviceAnimals/comments/53ij0b/_/d7unlxt/,marina,3,4
https://www.reddit.com/r/videos/comments/505v6r/_/d72mryt/,marina,3,1
https://www.reddit.com/r/Minecraft/comments/k9ypuk/_/gf91cp2/,marina,3,1
https://www.reddit.com/r/shittyama/comments/seskl0/_/hum1js9/,marina,3,1
https://www.reddit.com/r/streetwear/comments/3nhkn7/_/cvq4d56/,marina,3,1
https://www.reddit.com/r/amexcanada/comments/xw0853/_/ir5n7rd/,marina,3,1
https://www.reddit.com/r/dataisbeautiful/comments/jcwvhr/_/g98clwu/,marina,3,1
https://www.reddit.com/r/buffalobills/comments/19cfd6l/_/kiy9wfa/,marina,3,1
https://www.reddit.com/r/Louisiana/comments/159i6yr/_/jtjm0h4/,marina,3,1
https://www.reddit.com/r/intel/comments/gnsrdx/_/frboixw/,marina,3,1
https://www.reddit.com/r/Pathfinder_RPG/comments/i9zuj9/_/g1iowr8/,marina,3,1
https://www.reddit.com/r/Cringetopia/comments/mqxuya/_/gukmd2u/,marina,3,1
https://www.reddit.com/r/motorcycles/comments/17cltab/_/k5rmmg1/,marina,3,1
https://www.reddit.com/r/Evansville_NSFW/comments/18bmmvg/_/kccwfti/,marina,3,1
https://www.reddit.com/r/nyc/comments/2q325r/_/cn38292/,marina,3,1
https://www.reddit.com/r/FortniteCompetitive/comments/p3bivo/_/h8tceon/,marina,3,4
https://www.reddit.com/r/VALORANT/comments/14poopq/_/jqla4af/,marina,3,1
https://www.reddit.com/r/baseballcards/comments/nxmeru/_/h1flj1q/,marina,3,7
https://www.reddit.com/r/nba/comments/4krp69/_/d3hz9af/,marina,3,1
https://www.reddit.com/r/AskReddit/comments/xaxt9t/_/inyx26k/,marina,3,1
https://www.reddit.com/r/unpopularopinion/comments/ivix5h/_/g5rxwmy/,marina,3,3
https://www.reddit.com/r/unpopularopinion/comments/axc2nd/_/ehyzlcs/,marina,3,1
https://www.reddit.com/r/unpopularopinion/comments/hs4i54/_/fy8dfen/,marina,3,2
https://www.reddit.com/r/unpopularopinion/comments/qokvg1/_/hjnyw86/,marina,3,6
https://www.reddit.com/r/unpopularopinion/comments/17kvnmf/_/k7agnci/,marina,3,1
https://www.reddit.com/r/unpopularopinion/comments/22tpcn/_/cgwbs2h/,marina,3,7
https://www.reddit.com/r/unpopularopinion/comments/fgsykq/_/fk6p6dm/,marina,3,1
https://www.reddit.com/r/unpopularopinion/comments/a5nk3a/_/ebog650/,marina,3,1
https://www.reddit.com/r/unpopularopinion/comments/fwbcfx/_/fmnen13/,marina,3,4
https://www.reddit.com/r/unpopularopinion/comments/8xmfaj/_/e244p8t/,marina,3,4
https://www.reddit.com/r/unpopularopinion/comments/ajb4yf/_/eeu3aw0/,marina,3,3
https://www.reddit.com/r/unpopularopinion/comments/gwiz10/_/fsx682l/,marina,3,4
https://www.reddit.com/r/unpopularopinion/comments/ox4v6i/_/h7kb4oo/,marina,3,1
https://www.reddit.com/r/unpopularopinion/comments/a3hmyg/_/eb7o5a8/,marina,3,1
https://www.reddit.com/r/unpopularopinion/comments/dqwcf9/_/f6atw1b/,marina,3,6
https://www.reddit.com/r/unpopularopinion/comments/hv4xmm/_/fyr8836/,marina,3,1
https://www.reddit.com/r/unpopularopinion/comments/14qg0cd/_/jqnc9oh/,marina,3,2
https://www.reddit.com/r/unpopularopinion/comments/lf7w2d/_/gmkeqem/,marina,3,1
https://www.reddit.com/r/unpopularopinion/comments/ofumg5/_/h4f1d2n/,marina,3,3
https://www.reddit.com/r/unpopularopinion/comments/h0q52t/_/fto4rch/,marina,3,4
https://www.reddit.com/r/unpopularopinion/comments/beyx26/_/el9yflp/,marina,3,1
https://www.reddit.com/r/unpopularopinion/comments/g4adgc/_/fnwt69q/,marina,3,5
https://www.reddit.com/r/unpopularopinion/comments/149kxh3/_/jo6y73a/,marina,3,1
https://www.reddit.com/r/changemyview/comments/20xnem/_/cg7r0gu/,marina,3,1
https://www.reddit.com/r/changemyview/comments/2wzu8h/_/covyhs9/,marina,3,1
https://www.reddit.com/r/changemyview/comments/57j9mj/_/d8sktld/,marina,3,1
https://www.reddit.com/r/changemyview/comments/48h0gv/_/d0jk6rj/,marina,3,7
https://www.reddit.com/r/changemyview/comments/8fs0g3/_/dy7t5ux/,marina,3,7
https://www.reddit.com/r/changemyview/comments/80sz76/_/duy5wgc/,marina,3,7
https://www.reddit.com/r/changemyview/comments/aaubyq/_/ecv58jp/,marina,3,1
https://www.reddit.com/r/changemyview/comments/fjo9mu/_/fko49yu/,marina,3,1
https://www.reddit.com/r/changemyview/comments/hgt4xa/_/fw5wyof/,marina,3,1
https://www.reddit.com/r/changemyview/comments/usahad/_/i93tnth/,marina,3,1
https://www.reddit.com/r/changemyview/comments/x0stgi/_/ima00pm/,marina,3,5
https://www.reddit.com/r/changemyview/comments/i2zidv/_/g08au38/,marina,3,3
https://www.reddit.com/r/changemyview/comments/dxg6rt/_/f7r5oyq/,marina,3,1
https://www.reddit.com/r/changemyview/comments/qwdyy1/_/hl2xpbf/,marina,3,6
https://www.reddit.com/r/changemyview/comments/13y35jh/_/jmksnt4/,marina,3,1
https://www.reddit.com/r/changemyview/comments/1xj2g0/_/cfbruv9/,marina,3,1
https://www.reddit.com/r/changemyview/comments/6ph4wy/_/dkpgmoc/,marina,3,1
https://www.reddit.com/r/changemyview/comments/9pb1fp/_/e84588j/,marina,3,1
https://www.reddit.com/r/changemyview/comments/aslvu9/_/egvsc46/,marina,3,1
https://www.reddit.com/r/changemyview/comments/blcfsx/_/emnf29o/,marina,3,5
https://www.reddit.com/r/changemyview/comments/bvwg50/_/ept9i2k/,marina,3,1
https://www.reddit.com/r/changemyview/comments/eg1x08/_/fc3wwxp/,marina,3,5
https://www.reddit.com/r/changemyview/comments/pqnr3d/_/hdccmvc/,marina,3,1
https://www.reddit.com/r/changemyview/comments/dfpkpd/_/f3656ju/,marina,3,7
https://www.reddit.com/r/changemyview/comments/uw5n50/_/i9pm011/,marina,3,1
https://www.reddit.com/r/changemyview/comments/uzxliu/_/iaeh58h/,marina,3,7
https://www.reddit.com/r/changemyview/comments/hrshr8/_/fy6ba77/,marina,3,1
https://www.reddit.com/r/changemyview/comments/kuqson/_/givuzg6/,marina,3,1
https://www.reddit.com/r/changemyview/comments/175vrpm/_/k4inmzi/,marina,3,1
https://www.reddit.com/r/changemyview/comments/em016s/_/fdlhn1b/,marina,3,1
https://www.reddit.com/r/changemyview/comments/17jab8x/_/k71j1zh/,marina,3,4
https://www.reddit.com/r/changemyview/comments/vl24qr/_/idtfa6g/,marina,3,4
https://www.reddit.com/r/changemyview/comments/162xin9/_/jy4z95f/,marina,3,7
https://www.reddit.com/r/changemyview/comments/1cr6hz/_/c9jess8/,marina,3,7
https://www.reddit.com/r/changemyview/comments/90v2jx/_/e2tey19/,marina,3,1
https://www.reddit.com/r/changemyview/comments/dv4sqn/_/f7byyer/,marina,3,1
https://www.reddit.com/r/changemyview/comments/5jr06p/_/dbipphi/,nan,1,1
https://www.reddit.com/r/AmItheAsshole/comments/f0d3c8/_/fgsx462/,nan,1,5
https://www.reddit.com/r/changemyview/comments/7hd39b/_/dqq39el/,nan,1,1
https://www.reddit.com/r/explainlikeimfive/comments/1jyiyk/_/cbjq0i6/,nan,1,1
https://www.reddit.com/r/changemyview/comments/7tu0ft/_/dtf76ln/,nan,1,1
https://www.reddit.com/r/changemyview/comments/j5ep6u/_/g7rytvc/,nan,1,1
https://www.reddit.com/r/changemyview/comments/217z08/_/cgamtfx/,nan,1,4
https://www.reddit.com/r/wikipedia/comments/81api/_/c07zc22/,nan,1,1
https://www.reddit.com/r/atheism/comments/a7vmi/_/c0ga15k/,nan,1,5
https://www.reddit.com/r/MovieDetails/comments/7u0gs9/_/dth7wla/,nan,1,4
https://www.reddit.com/r/Damnthatsinteresting/comments/13yu6ab/_/jmr5gne/,nan,1,4
https://www.reddit.com/r/changemyview/comments/4dc4qw/_/d1s6hpc/,nan,1,5
https://www.reddit.com/r/modelmakers/comments/ky7t3k/_/gjendze/,nan,1,1
https://www.reddit.com/r/Minecraft/comments/le0iss/_/gm8qwpi/,nan,1,1
https://www.reddit.com/r/Xiaomi/comments/s7rrmp/_/htcymt5/,nan,1,1
https://www.reddit.com/r/uErasmus/comments/134iyka/_/jivayaa/,nan,1,1
https://www.reddit.com/r/criterion/comments/15ginf0/_/juk1c0p/,nan,1,1
https://www.reddit.com/r/changemyview/comments/ld2sq5/_/gm3lgmj/,nan,1,5
https://www.reddit.com/r/changemyview/comments/18iciz9/_/kdcay67/,nan,1,6
https://www.reddit.com/r/changemyview/comments/jcv6rl/_/g95grqo/,nan,1,6
https://www.reddit.com/r/changemyview/comments/1hp8cm/_/cawovtg/,nan,1,1
https://www.reddit.com/r/changemyview/comments/5frejm/_/damm9xw/,nan,1,1
https://www.reddit.com/r/explainlikeimfive/comments/6ts3r5/_/dln32na/,nan,1,1
https://www.reddit.com/r/changemyview/comments/zqh45p/_/j1av768/,nan,1,6
https://www.reddit.com/r/changemyview/comments/9h7ooc/_/e69ym6v/,nan,1,6
https://www.reddit.com/r/Marijuana/comments/9aue5/_/c0c2ub9/,nan,1,1
https://www.reddit.com/r/Military/comments/1l2ca5/_/cc6hf3m/,nan,1,1
https://www.reddit.com/r/AskReddit/comments/9g0ssn/_/e61ewfd/,nan,1,1
https://www.reddit.com/r/xboxone/comments/3a6kdg/_/cs9tqbv/,nan,1,1
https://www.reddit.com/r/changemyview/comments/2yszjq/_/cpcoa7k/,nan,1,5
https://www.reddit.com/r/changemyview/comments/82i7oe/_/dvaap6m/,nan,1,1
https://www.reddit.com/r/changemyview/comments/6je7u2/_/djdky74/,nan,1,4
https://www.reddit.com/r/Hyperhidrosis/comments/ka3x7l/_/gfcdqol/,nan,1,1
https://www.reddit.com/r/changemyview/comments/9qdhx9/_/e88dhfw/,nan,1,6
https://www.reddit.com/r/changemyview/comments/9ac2ef/_/e4uc928/,nan,1,1
https://www.reddit.com/r/changemyview/comments/boc0dl/_/enebgnc/,nan,1,6
https://www.reddit.com/r/aoe4/comments/wliinr/_/ijuzfop/,nan,1,6
https://www.reddit.com/r/PoliticalPhilosophy/comments/sooa7x/_/hwfgqr0/,nan,1,4
https://www.reddit.com/r/IndianDefense/comments/11ebibq/_/jam7sz4/,nan,1,5
https://www.reddit.com/r/changemyview/comments/9askbc/_/e4xu17y/,nan,1,6
https://www.reddit.com/r/changemyview/comments/3bntia/_/csny9zt/,nan,1,1
https://www.reddit.com/r/changemyview/comments/btsdbj/_/ep1vv20/,nan,1,5
https://www.reddit.com/r/changemyview/comments/c35xx3/_/erp1129/,nan,1,5
https://www.reddit.com/r/changemyview/comments/ha6ibt/_/fv0y61v/,nan,1,1
https://www.reddit.com/r/changemyview/comments/jai9nj/_/g8poahm/,nan,1,6
https://www.reddit.com/r/changemyview/comments/63l2vd/_/dfvknrg/,nan,1,7
https://www.reddit.com/r/changemyview/comments/oya8ic/_/h7rrt8x/,nan,1,1
https://www.reddit.com/r/changemyview/comments/12kdj0k/_/jg8olv6/,nan,1,1
https://www.reddit.com/r/changemyview/comments/pn7xmc/_/hcnlfn1/,nan,1,6
https://www.reddit.com/r/changemyview/comments/15t69kh/_/jwibwcq/,nan,1,6
https://www.reddit.com/r/unpopularopinion/comments/ezjwnx/_/fgoamxz/,nan,1,6
https://www.reddit.com/r/unpopularopinion/comments/p3ping/_/h8uuaro/,nan,1,6
https://www.reddit.com/r/Android/comments/1e8emh/_/c9xtszp/,nan,1,1
https://www.reddit.com/r/IAmA/comments/6bnym7/_/dhodcaa/,nan,1,6
https://www.reddit.com/r/changemyview/comments/5jr06p/_/dbipphi/,kart,1,1
https://www.reddit.com/r/changemyview/comments/97k2rb/_/e48wg33/,kart,1,5
https://www.reddit.com/r/AmItheAsshole/comments/f0d3c8/_/fgsx462/,kart,1,5
https://www.reddit.com/r/changemyview/comments/7hd39b/_/dqq39el/,kart,1,5
https://www.reddit.com/r/explainlikeimfive/comments/1jyiyk/_/cbjq0i6/,kart,1,1
https://www.reddit.com/r/changemyview/comments/7tu0ft/_/dtf76ln/,kart,1,5
https://www.reddit.com/r/changemyview/comments/j5ep6u/_/g7rytvc/,kart,1,1
https://www.reddit.com/r/changemyview/comments/217z08/_/cgamtfx/,kart,1,5
https://www.reddit.com/r/wikipedia/comments/81api/_/c07zc22/,kart,1,1
https://www.reddit.com/r/atheism/comments/a7vmi/_/c0ga15k/,kart,1,1
https://www.reddit.com/r/MovieDetails/comments/7u0gs9/_/dth7wla/,kart,1,1
https://www.reddit.com/r/Damnthatsinteresting/comments/13yu6ab/_/jmr5gne/,kart,1,1
https://www.reddit.com/r/changemyview/comments/4dc4qw/_/d1s6hpc/,kart,1,1
https://www.reddit.com/r/changemyview/comments/18oybog/_/kekcigr/,kart,1,1
https://www.reddit.com/r/insideJorahshead/comments/3hsl5h/_/cua9d0g/,kart,1,1
https://www.reddit.com/r/modelmakers/comments/ky7t3k/_/gjendze/,kart,1,1
https://www.reddit.com/r/Minecraft/comments/le0iss/_/gm8qwpi/,kart,1,1
https://www.reddit.com/r/Xiaomi/comments/s7rrmp/_/htcymt5/,kart,1,1
https://www.reddit.com/r/criterion/comments/15ginf0/_/juk1c0p/,kart,1,1
https://www.reddit.com/r/changemyview/comments/ld2sq5/_/gm3lgmj/,kart,1,1
https://www.reddit.com/r/changemyview/comments/18iciz9/_/kdcay67/,kart,1,1
https://www.reddit.com/r/changemyview/comments/jcv6rl/_/g95grqo/,kart,1,1
https://www.reddit.com/r/changemyview/comments/1hp8cm/_/cawovtg/,kart,1,1
https://www.reddit.com/r/changemyview/comments/5frejm/_/damm9xw/,kart,1,1
https://www.reddit.com/r/explainlikeimfive/comments/6ts3r5/_/dln32na/,kart,1,1
https://www.reddit.com/r/changemyview/comments/zqh45p/_/j1av768/,kart,1,5
https://www.reddit.com/r/changemyview/comments/9h7ooc/_/e69ym6v/,kart,1,4
https://www.reddit.com/r/Marijuana/comments/9aue5/_/c0c2ub9/,kart,1,1
https://www.reddit.com/r/Military/comments/1l2ca5/_/cc6hf3m/,kart,1,1
https://www.reddit.com/r/AskReddit/comments/9g0ssn/_/e61ewfd/,kart,1,1
https://www.reddit.com/r/xboxone/comments/3a6kdg/_/cs9tqbv/,kart,1,1
https://www.reddit.com/r/changemyview/comments/2yszjq/_/cpcoa7k/,kart,1,1
https://www.reddit.com/r/changemyview/comments/82i7oe/_/dvaap6m/,kart,1,4
https://www.reddit.com/r/changemyview/comments/6je7u2/_/djdky74/,kart,1,5
https://www.reddit.com/r/Hyperhidrosis/comments/ka3x7l/_/gfcdqol/,kart,1,1
https://www.reddit.com/r/changemyview/comments/9qdhx9/_/e88dhfw/,kart,1,1
https://www.reddit.com/r/changemyview/comments/9ac2ef/_/e4uc928/,kart,1,1
https://www.reddit.com/r/changemyview/comments/boc0dl/_/enebgnc/,kart,1,5
https://www.reddit.com/r/aoe4/comments/wliinr/_/ijuzfop/,kart,1,1
https://www.reddit.com/r/PoliticalPhilosophy/comments/sooa7x/_/hwfgqr0/,kart,1,4
https://www.reddit.com/r/IndianDefense/comments/11ebibq/_/jam7sz4/,kart,1,5
https://www.reddit.com/r/changemyview/comments/9askbc/_/e4xu17y/,kart,1,6
https://www.reddit.com/r/changemyview/comments/3bntia/_/csny9zt/,kart,1,1
https://www.reddit.com/r/changemyview/comments/btsdbj/_/ep1vv20/,kart,1,4
https://www.reddit.com/r/changemyview/comments/c35xx3/_/erp1129/,kart,1,1
https://www.reddit.com/r/changemyview/comments/ha6ibt/_/fv0y61v/,kart,1,1
https://www.reddit.com/r/changemyview/comments/jai9nj/_/g8poahm/,kart,1,4
https://www.reddit.com/r/changemyview/comments/63l2vd/_/dfvknrg/,kart,1,6
https://www.reddit.com/r/changemyview/comments/oya8ic/_/h7rrt8x/,kart,1,1
https://www.reddit.com/r/changemyview/comments/12kdj0k/_/jg8olv6/,kart,1,1
https://www.reddit.com/r/changemyview/comments/pn7xmc/_/hcnlfn1/,kart,1,4
https://www.reddit.com/r/changemyview/comments/15t69kh/_/jwibwcq/,kart,1,3
https://www.reddit.com/r/unpopularopinion/comments/ezjwnx/_/fgoamxz/,kart,1,3
https://www.reddit.com/r/unpopularopinion/comments/p3ping/_/h8uuaro/,kart,1,3
https://www.reddit.com/r/Android/comments/1e8emh/_/c9xtszp/,kart,1,1
https://www.reddit.com/r/IAmA/comments/6bnym7/_/dhodcaa/,kart,1,4
